id_alojamiento,name,category,rating,city,latitude,longitude,characteristics,check_in,check_out,price_discounted,price_original,price_qualifier,cant_resultados,fecha_scrapping,fecha_cambio_bna,cambio_bna
602224536421547198,Casa de artista con senderos & arroyo,entire_home,"5,0 (28)",Villa Traful,-40.65294,-71.41208,"['3 camas', '2 dormitorios', '1 baño', '1 cama doble', '2 camas de una plaza', 'Calificado con 5 de 5 en limpieza']",2023-07-04,2023-07-09,,$107 USD,noche,1000,2023-06-24,2023-05-01,239.9193548387097
31357298,Cabaña sobre el lago.,entire_home,"4,82 (78)",Villa La Angostura,-40.76661,-71.66657,"['1 cama', '1 dormitorio', '1 baño', '1 cama doble', 'Estacionamiento gratis', 'Wifi']",2023-07-14,2023-07-19,,$148 USD,noche,1000,2023-06-24,2023-05-01,239.9193548387097
50312661,Bariloche Mountain Tiny,entire_home,"5,0 (46)",San Carlos de Bariloche,-41.11092,-71.44314,"['1 cama', '1 dormitorio', '1 baño', '1 cama queen', 'Estacionamiento gratis', 'Wifi']",2023-09-05,2023-09-10,,$72 USD,noche,1000,2023-06-24,2023-05-01,239.9193548387097
46378188,Villa Labrador a orillas del lago. Cabaña LENGA,entire_home,"4,93 (14)",San Carlos de Bariloche,-41.10077,-71.46574,"['4 camas', '2 dormitorios', '1 baño', 'Estacionamiento gratis', 'Wifi', 'Calificado con 4,6 de 5 en limpieza']",2023-08-07,2023-08-13,,$244 USD,noche,1000,2023-06-24,2023-05-01,239.9193548387097
35064808,"Cabaña en el bosque, Bariloche, Patagonia",entire_home,"5,0 (58)",Bariloche,-41.04942,-71.5015,"['3 camas', '2 dormitorios', '1 baño', 'Estacionamiento gratis', 'Wifi', 'Calificado con 5 de 5 en limpieza']",2023-09-04,2023-09-09,,$122 USD,noche,1000,2023-06-24,2023-05-01,239.9193548387097
36942457,Un Vistón Tiny House a 10 min del Centro,entire_home,"4,89 (37)",San Martin de los Andes,-40.12007,-71.2899,"['2 camas', '2 dormitorios', '1 baño', '1 cama doble', '1 cama de una plaza', 'Estacionamiento gratis', 'Wifi', 'Calificado con 4,6 de 5 en limpieza']",2023-07-11,2023-07-16,,$82 USD,noche,1000,2023-06-24,2023-05-01,239.9193548387097
46324472,Villa Labrador a orillas del lago. Cabaña ALERCE,entire_home,"5,0 (5)",San Carlos de Bariloche,-41.10157,-71.46358,"['2 baños', '2 camas dobles', '4 camas de una plaza', 'Estacionamiento gratis', 'Wifi', 'Calificado con 5 de 5 en limpieza']",2023-08-27,2023-09-01,,$325 USD,noche,1000,2023-06-24,2023-05-01,239.9193548387097
7431677,Casa Don Arelauquen Nueva y Moderna,entire_home,"4,98 (51)",San Carlos de Bariloche,-41.16773,-71.39424,"['5 camas', '3 dormitorios', '3,5 baños', '2 camas dobles', '3 camas de una plaza', 'Estacionamiento gratis', 'Wifi']",2023-08-13,2023-08-18,,$360 USD,noche,1000,2023-06-24,2023-05-01,239.9193548387097
40235777,ALIWEN BARILOCHE,entire_home,"5,0 (12)",San Carlos de Bariloche,-41.1836,-71.32512,"['5 camas', '3 dormitorios', '3 baños', '1 cama doble', '4 camas de una plaza', 'Estacionamiento gratis', 'Wifi']",2023-07-01,2023-07-06,,$250 USD,noche,1000,2023-06-24,2023-05-01,239.9193548387097
897789125691156350,Hermosa Vista y Tranquilidad. Cercano al Centro.,entire_home,Nuevo,San Carlos de Bariloche,-41.13387,-71.28522,"['1 cama', '1 dormitorio', '1 baño', '1 cama doble', 'Wifi']",2023-09-17,2023-09-22,,$50 USD,noche,1000,2023-06-24,2023-05-01,239.9193548387097
640441246212121062,Departamento con increíbles vistas y gran locación,entire_home,"5,0 (49)",San Carlos de Bariloche,-41.17062,-71.3679,"['1 cama', '1 dormitorio', '1 baño', '1 cama queen', 'Estacionamiento gratis', 'Wifi', 'Calificado con 5 de 5 en limpieza']",2023-10-05,2023-10-10,,$68 USD,noche,1000,2023-06-24,2023-05-01,239.9193548387097
897921654010897643,Tiny house La Huella Puma cabin,entire_home,Nuevo,San Carlos de Bariloche,-41.07261,-71.46886,"['1 cama', '1 dormitorio', 'Estacionamiento gratis', 'Wifi']",2023-08-15,2023-08-20,,$86 USD,noche,1000,2023-06-24,2023-05-01,239.9193548387097
790454781711755646,Monoambiente #Zorrito-*Relax en la Patagonia*,entire_home,"4,93 (14)",Dina Huapi,-41.05727,-71.1463,"['1 cama', '1 dormitorio', '1 baño', 'Estacionamiento gratis', 'Wifi', 'Calificado con 5 de 5 en limpieza']",2023-08-19,2023-08-26,$63 USD,$70 USD,noche,1000,2023-06-24,2023-05-01,239.9193548387097
847798869465032246,Glamping La Huella Liebre cabin,entire_home,Nuevo,San Carlos de Bariloche,-41.0728856,-71.4694291,"['1 baño', 'Estacionamiento gratis', 'Wifi']",2023-07-02,2023-07-07,,$108 USD,noche,1000,2023-06-24,2023-05-01,239.9193548387097
53256462,Cálida cabaña a orillas del lago con hidromasaje,entire_home,"5,0 (59)",San Carlos de Bariloche,-41.10409,-71.43799,"['1 cama', '1 dormitorio', '1 baño', '1 cama doble', 'Estacionamiento gratis', 'Wifi']",2023-09-18,2023-09-23,,$150 USD,noche,1000,2023-06-24,2023-05-01,239.9193548387097
53403878,Peta Lodge Patagonia I,entire_home,"4,95 (93)",San Carlos de Bariloche,-41.1179,-71.3827,"['2 camas', '1 dormitorio', '1 baño', 'Estacionamiento gratis', 'Wifi', 'Calificado con 4,9 de 5 en limpieza']",2023-08-17,2023-08-23,,$138 USD,noche,1000,2023-06-24,2023-05-01,239.9193548387097
12279136,Cabaña de estilo patagónico,entire_home,"4,76 (254)",San Carlos de Bariloche,-41.13403,-71.35361,"['1 cama', '1 dormitorio', '1 baño', '1 cama doble', 'Wifi']",2023-07-02,2023-07-07,,$55 USD,noche,1000,2023-06-24,2023-05-01,239.9193548387097
652932460364424349,Cabaña de montana Nivis - Vista al Lacar,entire_home,"4,75 (20)",Lácar,-40.17342,-71.29943,"['4 camas', '2 dormitorios', '1 baño', 'Estacionamiento gratis', 'Wifi', 'Calificado con 4,7 de 5 en limpieza']",2023-08-03,2023-08-10,,$150 USD,noche,1000,2023-06-24,2023-05-01,239.9193548387097
644276838771395202,"Nueva Casa Moderna: Golf, Polo, Cerca de Esquí Catedral",entire_home,"5,0 (25)",San Carlos de Bariloche,-41.17058,-71.38523,"['12 camas', '4 dormitorios', '5,5 baños', '2 camas king', '2 camas dobles', 'más', 'Estacionamiento gratis', 'Wifi']",2023-09-20,2023-09-25,,$699 USD,noche,1000,2023-06-24,2023-05-01,239.9193548387097
806475821018384227,"Tiny Nórdica, bosque con vista al Lago y montaña",entire_home,"4,71 (17)",San Carlos de Bariloche,-41.17027,-71.37207,"['1 cama', 'Monoambiente', '1 baño', '1 cama queen', 'Estacionamiento gratis', 'Wifi']",2023-08-04,2023-08-11,$81 USD,$90 USD,noche,1000,2023-06-24,2023-05-01,239.9193548387097
876704382378753640,Encantadora cabaña rústica con acceso al lago,entire_home,Nuevo,San Carlos de Bariloche,-41.16724,-71.4162,"['1 cama', '1 dormitorio', '1 baño', '1 cama queen', 'Estacionamiento gratis', 'Wifi']",2023-07-01,2023-07-06,,$69 USD,noche,1000,2023-06-24,2023-05-01,239.9193548387097
52151657,Moderna casa con espectacular vista lago y bosque,entire_home,"4,95 (39)",Villa La Angostura,-40.72454,-71.682,"['4 camas', '3 dormitorios', '2,5 baños', '1 cama queen', '1 cama doble', 'más', 'Estacionamiento gratis', 'Wifi', 'Calificado con 4,7 de 5 en limpieza']",2023-08-28,2023-09-04,,$230 USD,noche,1000,2023-06-24,2023-05-01,239.9193548387097
793489760148856223,Ruquita Studio Schuss Arg41,entire_home,"4,92 (12)",San Carlos de Bariloche,-41.1215,-71.37248,"['1 cama', 'Monoambiente', '1 baño', 'Estacionamiento gratis', 'Wifi', 'Calificado con 4,8 de 5 en limpieza']",2023-07-21,2023-07-26,,$59 USD,noche,1000,2023-06-24,2023-05-01,239.9193548387097
645649,casa del árbol con vistas al lago,entire_home,"4,92 (248)",San Carlos de Bariloche,-41.1234,-71.37387,"['3 camas', '2 dormitorios', '1 baño', 'Estacionamiento gratis', 'Wifi', 'Calificado con 4,9 de 5 en limpieza']",2023-07-01,2023-07-06,,$150 USD,noche,1000,2023-06-24,2023-05-01,239.9193548387097
446831,vista de la montaña y el lago,entire_home,"4,99 (285)",San Carlos de Bariloche,-41.12325,-71.37267,"['3 camas', '2 dormitorios', '1 ,5 baños', 'Estacionamiento gratis', 'Wifi', 'Calificado con 4,9 de 5 en limpieza']",2023-09-03,2023-09-09,,$180 USD,noche,1000,2023-06-24,2023-05-01,239.9193548387097
880037609372703201,Península,entire_home,Nuevo,Bariloche,-41.06738465937324,-71.45076848566532,"['1 cama', '1 dormitorio', '1 baño', 'Wifi']",2023-07-30,2023-08-04,,$180 USD,noche,1000,2023-06-24,2023-05-01,239.9193548387097
41614730,Depto de nivel con vista al lago y pileta,entire_home,"4,96 (53)",Villa La Angostura,-40.74,-71.66956,"['4 camas', '1 dormitorio', '1 baño', '1 cama queen', '1 cama de una plaza', 'más', 'Estacionamiento gratis', 'Wifi', 'Calificado con 4,8 de 5 en limpieza']",2023-07-14,2023-07-19,,$150 USD,noche,1000,2023-06-24,2023-05-01,239.9193548387097
807715500769625687,Maritecalolog a 600mts del Lago. Mangrullo,entire_home,"4,67 (15)",San Martin de los Andes,-40.06005,-71.30922,"['1 cama', '1 dormitorio', '1 ,5 baños', 'Estacionamiento gratis', 'Wifi', 'Calificado con 4,5 de 5 en limpieza']",2023-07-01,2023-07-06,,$45 USD,noche,1000,2023-06-24,2023-05-01,239.9193548387097
53288809,Hermoso y acogedor depto con vista en el centro,entire_home,"4,62 (50)",San Carlos de Bariloche,-41.13272,-71.31238,"['1 baño', '1 cama doble', 'Wifi', 'Calificado con 4,7 de 5 en limpieza']",2023-08-22,2023-08-27,,$80 USD,noche,1000,2023-06-24,2023-05-01,239.9193548387097
763829354713297533,Cabaña Lavanda costa y muelle al Lago Nahuel Huapi,entire_home,"4,75 (12)",San Carlos de Bariloche,-41.06301,-71.47094,"['5 camas', '2 dormitorios', '1 cama doble', '3 camas de una plaza', 'más', 'Estacionamiento gratis', 'Wifi', 'Calificado con 5 de 5 en limpieza']",2023-07-01,2023-07-06,,$170 USD,noche,1000,2023-06-24,2023-05-01,239.9193548387097
46470101,"""Tiny House de Ensueño""",entire_home,"4,96 (83)",San Carlos de Bariloche,-41.11388,-71.43722,"['1 baño', '1 sofá cama', 'Estacionamiento gratis', 'Wifi', 'Calificado con 5 de 5 en limpieza']",2023-08-07,2023-08-12,,$30 USD,noche,1000,2023-06-24,2023-05-01,239.9193548387097
48037158,"Bello depto para 3, con vista al lago y balcón",entire_home,"4,92 (50)",San Carlos de Bariloche,-41.133,-71.31968,"['3 camas', '2 dormitorios', '1 baño', '3 camas de una plaza', 'Estacionamiento gratis', 'Wifi', 'Calificado con 5 de 5 en limpieza']",2023-10-02,2023-10-07,,$80 USD,noche,1000,2023-06-24,2023-05-01,239.9193548387097
53404054,Peta Lodge Patagonia II,entire_home,"4,88 (67)",San Carlos de Bariloche,-41.11963,-71.38087,"['3 camas', '1 dormitorio', '2 baños', 'Wifi', 'Calificado con 4,9 de 5 en limpieza']",2023-09-20,2023-09-25,$122 USD,$139 USD,noche,1000,2023-06-24,2023-05-01,239.9193548387097
48316755,Beautiful studio with great views,entire_home,"5,0 (55)",San Carlos de Bariloche,-41.12244,-71.38939,"['2 camas', 'Monoambiente', '1 baño', 'Wifi', 'Calificado con 5 de 5 en limpieza']",2023-07-18,2023-07-23,,$70 USD,noche,1000,2023-06-24,2023-05-01,239.9193548387097
49503017,Casa ideal para descansar. Estacionamiento privado,entire_home,"4,73 (62)",San Carlos de Bariloche,-41.14529,-71.27677,"['2 camas', '1 dormitorio', '1 baño', '1 cama doble', '1 cama de una plaza', 'Estacionamiento gratis', 'Wifi', 'Calificado con 5 de 5 en limpieza']",2023-10-01,2023-10-06,,$35 USD,noche,1000,2023-06-24,2023-05-01,239.9193548387097
54396194,Acogedora casa al pie del Cerro Otto,entire_home,"4,85 (33)",San Carlos de Bariloche,-41.12565,-71.37079,"['1 baño', 'Estacionamiento gratis', 'Wifi', 'Calificado con 4,7 de 5 en limpieza']",2023-09-02,2023-09-07,,$90 USD,noche,1000,2023-06-24,2023-05-01,239.9193548387097
588909670574127398,Hostbariloche departamento con vista  al lago,entire_home,"4,97 (37)",San Carlos de Bariloche,-41.12398,-71.36378,"['3 camas', '1 dormitorio', '1 baño', '1 cama doble', '1 cama de una plaza', 'más', 'Estacionamiento gratis', 'Wifi']",2023-07-08,2023-07-13,$130 USD,$150 USD,noche,1000,2023-06-24,2023-05-01,239.9193548387097
53714616,Satya Tiny House en la Patagonia,entire_home,"4,69 (55)",San Martín de los Andes,-40.06196,-71.31866,"['1 baño', 'Estacionamiento gratis', 'Wifi', 'Calificado con 4,6 de 5 en limpieza']",2023-07-01,2023-07-06,,$60 USD,noche,1000,2023-06-24,2023-05-01,239.9193548387097
47577717,CASA PANORÁMICA.,entire_home,"4,8 (60)",San Carlos de Bariloche,-41.11717,-71.23705,"['2 baños', '1 cama doble', '4 camas de una plaza', 'Estacionamiento gratis', 'Wifi', 'Calificado con 4,7 de 5 en limpieza']",2023-08-27,2023-09-03,,$126 USD,noche,1000,2023-06-24,2023-05-01,239.9193548387097
788419802667082276,Cabaña en la montaña: La Chakana,entire_home,"4,83 (6)",San Martin de los Andes,-40.14078,-71.27487,"['1 baño', 'Wifi', 'Calificado con 4,8 de 5 en limpieza']",2023-07-01,2023-07-06,,$85 USD,noche,1000,2023-06-24,2023-05-01,239.9193548387097
881218792320627389,Tiny house en el bosque,entire_home,Nuevo,San Martin de los Andes,-40.09519406816337,-71.30318687122222,"['1 cama', '1 dormitorio', '1 baño', 'Estacionamiento gratis', 'Wifi']",2023-07-01,2023-07-06,,$75 USD,noche,1000,2023-06-24,2023-05-01,239.9193548387097
13121505,Casa de montaña c/ vista al lago - Cipreses,entire_home,"4,95 (88)",San Carlos de Bariloche,-41.07619,-71.46622,"['3 camas', '2 dormitorios', '1 baño', '1 cama doble', '2 camas de una plaza', 'Estacionamiento gratis', 'Wifi']",2023-09-25,2023-09-30,,$79 USD,noche,1000,2023-06-24,2023-05-01,239.9193548387097
53404283,Peta Lodge Patagonia III,entire_home,"4,95 (58)",San Carlos de Bariloche,-41.11963,-71.38231,"['3 camas', '1 dormitorio', '2 baños', 'Estacionamiento gratis', 'Wifi', 'Calificado con 4,9 de 5 en limpieza']",2023-08-28,2023-09-02,,$145 USD,noche,1000,2023-06-24,2023-05-01,239.9193548387097
53621828,Cabaña frente al lago,entire_home,"4,84 (25)",San Carlos de Bariloche,-41.16735,-71.41416,"['1 baño', '1 cama doble', '1 sofá cama', 'Estacionamiento gratis', 'Wifi', 'Calificado con 4,7 de 5 en limpieza']",2023-08-13,2023-08-18,,$62 USD,noche,1000,2023-06-24,2023-05-01,239.9193548387097
813726942180724510,Cabaña entera / departamento.,entire_home,"4,88 (32)",San Carlos de Bariloche,-41.10481,-71.43891,"['1 cama', '1 dormitorio', '1 baño', 'Estacionamiento gratis', 'Wifi', 'Calificado con 4,9 de 5 en limpieza']",2023-07-01,2023-07-06,$26 USD,$33 USD,noche,1000,2023-06-24,2023-05-01,239.9193548387097
21581081,"""Bathroom with LakeView Place and Retreat""",entire_home,"4,98 (127)",San Carlos de Bariloche,-41.06795,-71.45049,"['1 baño', '1 cama queen', '1 cama doble', 'más', 'Estacionamiento gratis', 'Wifi', 'Calificado con 5 de 5 en limpieza']",2023-08-10,2023-08-15,,$160 USD,noche,1000,2023-06-24,2023-05-01,239.9193548387097
52169627,Casa frente al lago,entire_home,"4,86 (29)",San Carlos de Bariloche,-41.16604,-71.41461,"['5 camas', '3 dormitorios', '2 baños', 'Estacionamiento gratis', 'Wifi', 'Calificado con 4,7 de 5 en limpieza']",2023-07-01,2023-07-06,,$165 USD,noche,1000,2023-06-24,2023-05-01,239.9193548387097
28385747,Relax en la Patagonia con una vista espectacular!,entire_home,"4,94 (78)",San Carlos de Bariloche,-41.05831,-71.14796,"['5 camas', '2 dormitorios', '1 ,5 baños', '1 cama doble', '2 camas de una plaza', 'más', 'Estacionamiento gratis', 'Wifi']",2023-08-02,2023-08-07,,$131 USD,noche,1000,2023-06-24,2023-05-01,239.9193548387097
793355312470293540,Cabaña en los kilómetros,entire_home,"4,73 (11)",San Carlos de Bariloche,-41.13316,-71.36912,"['1 cama', '1 dormitorio', '1 baño', '1 cama doble', 'Wifi', 'Calificado con 4,9 de 5 en limpieza']",2023-07-01,2023-07-06,,$64 USD,noche,1000,2023-06-24,2023-05-01,239.9193548387097
49107072,Contenedor-loft,entire_home,"4,91 (55)",San Carlos de Bariloche,-41.13495,-71.32571,"['1 cama', '1 dormitorio', '1 baño', '1 cama king', 'Estacionamiento gratis', 'Wifi', 'Calificado con 5 de 5 en limpieza']",2023-10-26,2023-11-01,,$50 USD,noche,1000,2023-06-24,2023-05-01,239.9193548387097
818948240958309260,Cabaña con jardin a pasos de Bariloche,entire_home,"4,93 (14)",Dina Huapi,-41.07643,-71.17111,"['3 camas', '1 dormitorio', '1 baño', 'Wifi', 'Calificado con 5 de 5 en limpieza']",2023-07-01,2023-07-06,$41 USD,$55 USD,noche,1000,2023-06-24,2023-05-01,239.9193548387097
6038837,Departamentos para 2 pasajeros,entire_home,"4,52 (302)",San Carlos de Bariloche,-41.06589,-71.15726,"['2 camas', '1 dormitorio', '1 ,5 baños', 'Estacionamiento gratis', 'Wifi', 'Calificado con 4,5 de 5 en limpieza']",2023-08-06,2023-08-11,,$26 USD,noche,1000,2023-06-24,2023-05-01,239.9193548387097
46903374,"""Casita"" a estrenar, 21 m2 de luz",entire_home,"4,6 (40)",San Carlos de Bariloche,-41.0903,-71.45232,"['1 cama', 'Monoambiente', '1 cama doble', 'Estacionamiento gratis', 'Calificado con 4,2 de 5 en limpieza']",2023-07-16,2023-07-21,,$40 USD,noche,1000,2023-06-24,2023-05-01,239.9193548387097
745561485820124074,"Hermoso, luminoso y céntrico",entire_home,"4,88 (26)",San Carlos de Bariloche,-41.13333,-71.31605,"['1 cama', 'Monoambiente', '1 baño', 'Calificado con 4,9 de 5 en limpieza']",2023-09-08,2023-09-13,,$60 USD,noche,1000,2023-06-24,2023-05-01,239.9193548387097
23038091,Excelente Departamento Monoambiente 4 personas,entire_home,"4,91 (245)",San Carlos de Bariloche,-41.138873,-71.32538559999999,"['1 cama', '1 dormitorio', '1 cama doble', 'Estacionamiento gratis', 'Wifi', 'Calificado con 4,9 de 5 en limpieza']",2023-08-25,2023-08-30,,$79 USD,noche,1000,2023-06-24,2023-05-01,239.9193548387097
789213744052260395,La guarida de Juli,entire_home,"4,88 (8)",San Carlos de Bariloche,-41.13188407033888,-71.35048471391201,"['1 cama', '1 dormitorio', '1 baño', 'Estacionamiento gratis', 'Wifi', 'Calificado con 5 de 5 en limpieza']",2023-09-08,2023-09-13,,$60 USD,noche,1000,2023-06-24,2023-05-01,239.9193548387097
801844068417930056,Cabaña Bittehus,entire_home,"5,0 (6)",San Carlos de Bariloche,-41.13118,-71.34478,"['1 cama', 'Monoambiente', '1 baño', 'Calificado con 5 de 5 en limpieza']",2023-07-02,2023-07-07,,$70 USD,noche,1000,2023-06-24,2023-05-01,239.9193548387097
29335293,"""Cipresales""     Cabaña  Villa la Angostura  Nqn",entire_home,"4,65 (149)",Villa La Angostura,-40.75826,-71.64379,"['3 camas', '2 dormitorios', '1 baño', '2 camas dobles', '1 sofá cama', 'Estacionamiento gratis', 'Wifi']",2023-08-09,2023-08-14,,$87 USD,noche,1000,2023-06-24,2023-05-01,239.9193548387097
53891758,Depto de Categoria Vista lago y piscina climatsa,entire_home,"4,8 (15)",Villa La Angostura,-40.74221,-71.66586,"['4 camas', '1 dormitorio', '1 baño', '2 camas king', '2 sofás cama', 'Estacionamiento gratis', 'Wifi']",2023-07-01,2023-07-06,,$160 USD,noche,1000,2023-06-24,2023-05-01,239.9193548387097
786807754388443017,"Vista, sauna, piscina y playa",entire_home,"5,0 (15)",San Carlos de Bariloche,-41.12116,-71.39477,"['1 cama', '1 dormitorio', '1 baño', 'Estacionamiento gratis', 'Wifi', 'Calificado con 5 de 5 en limpieza']",2023-07-01,2023-07-06,,$180 USD,noche,1000,2023-06-24,2023-05-01,239.9193548387097
32417139,Casa Waiwen: calidez y cercanía,entire_home,"4,83 (6)",La Villa,-40.75845,-71.66022,"['5 camas', '2 dormitorios', '2 baños', 'Estacionamiento gratis', 'Wifi', 'Calificado con 5 de 5 en limpieza']",2023-07-30,2023-08-05,,$140 USD,noche,1000,2023-06-24,2023-05-01,239.9193548387097
41823827,Cabaña soñada sobre costa de lago en Bariloche,entire_home,"4,97 (59)",San Carlos de Bariloche,-41.16159,-71.41242,"['2 camas', '2 dormitorios', '1 baño', 'Estacionamiento gratis', 'Wifi', 'Calificado con 5 de 5 en limpieza']",2023-08-29,2023-09-03,,$204 USD,noche,1000,2023-06-24,2023-05-01,239.9193548387097
25077518,"El Resuello, un lugar para disfrutar",entire_home,"4,95 (63)",San Carlos de Bariloche,-41.10912,-71.4434,"['5 camas', '2 dormitorios', '1 baño', '1 cama queen', '3 camas de una plaza', 'más', 'Calificado con 4,9 de 5 en limpieza']",2023-08-15,2023-08-20,,$105 USD,noche,1000,2023-06-24,2023-05-01,239.9193548387097
760003693579176617,Acogedora Cabaña B. Residencial con Vista al Cerro,entire_home,"5,0 (8)",Villa La Angostura,-40.74748,-71.66086,"['4 camas', '2 dormitorios', '1 baño', '1 cama doble', '3 camas de una plaza', 'Estacionamiento gratis', 'Wifi', 'Calificado con 5 de 5 en limpieza']",2023-07-03,2023-07-10,$68 USD,$75 USD,noche,1000,2023-06-24,2023-05-01,239.9193548387097
806271765773035250,Confortable Cabaña de troncos,entire_home,"4,87 (15)",San Carlos de Bariloche,-41.13129,-71.26434,"['2 camas', '1 dormitorio', '1 baño', 'Estacionamiento gratis', 'Wifi', 'Calificado con 5 de 5 en limpieza']",2023-07-10,2023-07-15,,$91 USD,noche,1000,2023-06-24,2023-05-01,239.9193548387097
53591290,"Cabaña Nórdica , vista increíble al Lago y Cerros",entire_home,"4,79 (42)",San Carlos de Bariloche,-41.16919,-71.37223,"['2 camas', '1 dormitorio', '1 baño', '1 cama queen', '1 sofá cama', 'Estacionamiento gratis', 'Wifi', 'Calificado con 4,8 de 5 en limpieza']",2023-07-01,2023-07-06,$83 USD,$120 USD,noche,1000,2023-06-24,2023-05-01,239.9193548387097
21603390,"""Alegria"" vistas de ensueño en un lugar para enamorarse",entire_home,"4,98 (122)",San Carlos de Bariloche-  Península de San Pedro,-41.06361,-71.46731,"['1 cama', '1 dormitorio', '1 baño', '1 cama king', 'Estacionamiento gratis', 'Wifi', 'Calificado con 4,9 de 5 en limpieza']",2023-07-30,2023-08-04,,$84 USD,noche,1000,2023-06-24,2023-05-01,239.9193548387097
50188471,La casa de Juan,entire_home,"4,94 (18)",San Martin de los Andes,-40.15953,-71.27824,"['5 camas', '2 dormitorios', '2 baños', 'Estacionamiento gratis', 'Wifi', 'Calificado con 4,8 de 5 en limpieza']",2023-07-01,2023-07-06,,$150 USD,noche,1000,2023-06-24,2023-05-01,239.9193548387097
54094683,Cabaña en el bosque,entire_home,"4,9 (41)",San Carlos de Bariloche,-41.12425,-71.39797,"['1 cama', '1 dormitorio', '1 ,5 baños', 'Estacionamiento gratis', 'Wifi', 'Calificado con 4,9 de 5 en limpieza']",2023-08-17,2023-08-22,,$72 USD,noche,1000,2023-06-24,2023-05-01,239.9193548387097
34865700,Acogedor apartamento en el centro,entire_home,"4,81 (119)",San Carlos de Bariloche,-41.13532,-71.30601,"['1 cama', '1 dormitorio', '1 cama doble', 'Wifi', 'Calificado con 4,7 de 5 en limpieza']",2023-09-25,2023-10-02,$36 USD,$40 USD,noche,1000,2023-06-24,2023-05-01,239.9193548387097
699829944583701481,Cabaña en Villa la Angostura,entire_home,"4,89 (9)",Villa la Angostura ,-40.7629087057501,-71.62868063155287,"['4 camas', '3 dormitorios', '2 baños', 'Calificado con 4,9 de 5 en limpieza']",2023-07-29,2023-08-03,,$250 USD,noche,1000,2023-06-24,2023-05-01,239.9193548387097
744205124864404600,Cabaña nueva vista a los cerros,entire_home,"4,55 (11)",Los Lagos,-40.74807,-71.6561,"['3 camas', '1 dormitorio', '1 baño', '1 cama doble', '2 sofás cama', 'Estacionamiento gratis', 'Wifi']",2023-07-01,2023-07-06,$80 USD,$90 USD,noche,1000,2023-06-24,2023-05-01,239.9193548387097
9458793,¡El loft más hermoso del lago en Bariloche!,entire_home,"4,91 (200)",San Carlos de Bariloche,-41.10921,-71.42303,"['2 camas', '1 dormitorio', '1 baño', '1 cama doble', '1 sofá cama', 'Estacionamiento gratis', 'Wifi', 'Calificado con 4,9 de 5 en limpieza']",2023-07-01,2023-07-06,,$120 USD,noche,1000,2023-06-24,2023-05-01,239.9193548387097
54072206,Hermoso monoambiente céntrico en Bariloche,entire_home,"4,85 (39)",San Carlos de Bariloche,-41.1331,-71.31384,"['4 camas', 'Monoambiente', '1 baño', '4 camas dobles', '4 sofás cama', 'Wifi', 'Calificado con 4,9 de 5 en limpieza']",2023-09-06,2023-09-11,,$75 USD,noche,1000,2023-06-24,2023-05-01,239.9193548387097
23467736,El Remanso de la  Angostura b&b,private_room,"4,89 (236)",Villa La Angostura,-40.76194,-71.64607,"['1 cama', '1 dormitorio', '1 baño privado', '1 cama doble', 'Estacionamiento gratis']",2023-08-25,2023-09-01,,$47 USD,noche,1000,2023-06-24,2023-05-01,239.9193548387097
53920077,Tiny house en la Patagonia II - Con costa de río,entire_home,"4,9 (30)",San Martín de los Andes,-40.069588,-71.316071,"['1 cama', '1 dormitorio', '1 baño', 'Estacionamiento gratis', 'Wifi', 'Calificado con 4,8 de 5 en limpieza']",2023-07-01,2023-07-06,,$68 USD,noche,1000,2023-06-24,2023-05-01,239.9193548387097
7798898,Center Suites  Bariloche - Lake View,entire_home,"4,92 (287)",San Carlos de Bariloche,-41.13299,-71.31243,"['1 cama', '1 dormitorio', '1 baño', '1 cama queen', 'Wifi', 'Calificado con 4,9 de 5 en limpieza']",2024-01-06,2024-01-11,,$75 USD,noche,1000,2023-06-24,2023-05-01,239.9193548387097
53800099,PEÑON DE ARELAUQUEN - Dpto 3 ambientes- Vista Lago,entire_home,"4,98 (46)",San Carlos de Bariloche,-41.168892,-71.402153,"['3 camas', '2 dormitorios', '2 baños', 'Estacionamiento gratis', 'Wifi', 'Calificado con 5 de 5 en limpieza']",2023-09-03,2023-09-08,,$180 USD,noche,1000,2023-06-24,2023-05-01,239.9193548387097
30938295,Vista al lago y piscina climatizada in-out,entire_home,"4,86 (57)",Villa La Angostura,-40.73997,-71.66768,"['3 camas', '1 dormitorio', '1 baño', '1 cama queen', '1 sofá cama', 'Estacionamiento gratis', 'Wifi', 'Calificado con 4,6 de 5 en limpieza']",2023-07-28,2023-08-04,,$169 USD,noche,1000,2023-06-24,2023-05-01,239.9193548387097
52109877,Container Studio,entire_home,"5,0 (53)",San Carlos de Bariloche,-41.14635,-71.41232,"['1 cama', '1 dormitorio', '1 baño', '1 cama doble', 'Wifi', 'Calificado con 5 de 5 en limpieza']",2023-08-27,2023-09-01,$45 USD,$52 USD,noche,1000,2023-06-24,2023-05-01,239.9193548387097
773520978285697380,Departamento 4 pax vista al lago,entire_home,"5,0 (19)",San Carlos de Bariloche,-41.12764,-71.36672,"['2 camas', '2 dormitorios', '2,5 baños', 'Estacionamiento gratis', 'Wifi', 'Calificado con 5 de 5 en limpieza']",2023-07-01,2023-07-06,,$185 USD,noche,1000,2023-06-24,2023-05-01,239.9193548387097
578868385581630732,Moderno y vista la lago en el centro de la ciudad,entire_home,"4,51 (47)",San Carlos de Bariloche,-41.13282,-71.31393,"['1 cama', '1 dormitorio', '1 baño', 'Wifi', 'Calificado con 4,3 de 5 en limpieza']",2023-07-02,2023-07-07,,$98 USD,noche,1000,2023-06-24,2023-05-01,239.9193548387097
802968398815366739,Cabaña nueva vista al Bayo,entire_home,"4,83 (12)",Los Lagos,-40.75027,-71.6544,"['4 camas', '1 dormitorio', '1 baño', '1 cama queen', '3 sofás cama', 'Estacionamiento gratis', 'Wifi', 'Calificado con 4,8 de 5 en limpieza']",2023-07-01,2023-07-06,$90 USD,$110 USD,noche,1000,2023-06-24,2023-05-01,239.9193548387097
50174841,"Loft con increíble vista, balcon y cochera",entire_home,"4,97 (111)",San Carlos de Bariloche,-41.133858,-71.314995,"['3 camas', '1 dormitorio', '1 ,5 baños', '1 cama queen', '2 sofás cama', 'Estacionamiento gratis', 'Wifi', 'Calificado con 5 de 5 en limpieza']",2023-09-25,2023-09-30,,$95 USD,noche,1000,2023-06-24,2023-05-01,239.9193548387097
13810120,Casa PB Andes View Bariloche. Jacuzzi y Parrilla.,entire_home,"4,76 (119)",San Carlos de Bariloche,-41.133904,-71.32885,"['5 camas', '2 dormitorios', '1 baño', '1 cama queen', '1 cama doble', 'más', 'Estacionamiento gratis', 'Wifi', 'Calificado con 4,8 de 5 en limpieza']",2023-08-07,2023-08-12,,$180 USD,noche,1000,2023-06-24,2023-05-01,239.9193548387097
53320962,Luminoso Departamento en Bariloche.,entire_home,"4,97 (72)",San Carlos de Bariloche,-41.13697,-71.2991,"['1 cama', '1 dormitorio', '1 baño', '1 cama doble', 'Wifi', 'Calificado con 5 de 5 en limpieza']",2023-09-29,2023-10-04,,$42 USD,noche,1000,2023-06-24,2023-05-01,239.9193548387097
620249553960145213,Paraiso sobre Costa del lago Nahuel Huapi,entire_home,"5,0 (33)",San Carlos de Bariloche,-41.1191,-71.23678,"['1 cama', '1 dormitorio', '1 baño', '1 cama doble', 'Estacionamiento gratis', 'Wifi', 'Calificado con 5 de 5 en limpieza']",2023-07-28,2023-08-02,,$135 USD,noche,1000,2023-06-24,2023-05-01,239.9193548387097
42373463,Depto. Vista Nahuel Huapi,entire_home,"4,34 (94)",San Carlos de Bariloche,-41.13437,-71.31688,"['1 cama', 'Monoambiente', '1 baño', '1 sofá cama', 'Wifi', 'Calificado con 4,5 de 5 en limpieza']",2023-08-31,2023-09-05,,$62 USD,noche,1000,2023-06-24,2023-05-01,239.9193548387097
12367131,Boutique sobre el lago !,entire_home,"4,93 (76)",San Carlos de Bariloche,-41.13182,-71.28934,"['1 cama', '1 dormitorio', '1 ,5 baños', '1 cama king', 'Estacionamiento gratis', 'Wifi', 'Calificado con 4,9 de 5 en limpieza']",2023-11-01,2023-11-06,,$91 USD,noche,1000,2023-06-24,2023-05-01,239.9193548387097
25286446,Casita Hillside,entire_home,"4,94 (79)",San Carlos de Bariloche,-41.04601,-71.51584,"['1 cama', '1 dormitorio', '1 baño', '1 cama queen', 'Estacionamiento gratis', 'Wifi', 'Calificado con 5 de 5 en limpieza']",2023-07-03,2023-07-08,,$120 USD,noche,1000,2023-06-24,2023-05-01,239.9193548387097
25286446,Casita Hillside,entire_home,"4,94 (79)",San Carlos de Bariloche,-41.04601,-71.51584,"['1 cama', '1 dormitorio', '1 baño', '1 cama queen', 'Estacionamiento gratis', 'Wifi', 'Calificado con 5 de 5 en limpieza']",2023-07-03,2023-07-08,,$120 USD,noche,1000,2023-06-24,2023-05-01,239.9193548387097
48806077,Casa Pajaro Carpintero,entire_home,"4,92 (37)",San Carlos de Bariloche,-41.07006,-71.48875,"['3 camas', '2 dormitorios', '1 baño', '1 cama queen', '2 camas de una plaza', 'Estacionamiento gratis', 'Wifi', 'Calificado con 5 de 5 en limpieza']",2023-07-01,2023-07-06,$90 USD,$100 USD,noche,1000,2023-06-24,2023-05-01,239.9193548387097
665252217857456119,Escape a la naturaleza: retiro de montaña en SanMa,entire_home,"4,74 (23)",San Martin de los Andes,-40.13044,-71.26007,"['1 baño', '4 camas de una plaza', 'Estacionamiento gratis', 'Wifi', 'Calificado con 4,6 de 5 en limpieza']",2023-07-07,2023-07-12,$49 USD,$60 USD,noche,1000,2023-06-24,2023-05-01,239.9193548387097
776825418398259635,Cabaña cerca del lago y supermercados mayoristas.,entire_home,"4,75 (28)",San Carlos de Bariloche,-41.132898430048684,-71.26019838095091,"['4 camas', '2 dormitorios', '1 baño', '1 cama queen', '3 camas de una plaza', 'Estacionamiento gratis', 'Wifi', 'Calificado con 4,7 de 5 en limpieza']",2023-07-01,2023-07-06,,$63 USD,noche,1000,2023-06-24,2023-05-01,239.9193548387097
1898215,CASA DE MONTAÑA CON DISEÑO,entire_home,"4,91 (54)",Los Lagos,-40.00052,-70.99883,"['6 camas', '3 dormitorios', '4 baños', 'Estacionamiento gratis', 'Wifi', 'Calificado con 4,7 de 5 en limpieza']",2023-07-04,2023-07-10,,$192 USD,noche,1000,2023-06-24,2023-05-01,239.9193548387097
6060731,Cabaña Americana  con pileta climatizada,entire_home,"4,56 (264)",San Carlos de Bariloche,-41.06507,-71.15783,"['4 camas', '2 dormitorios', '1 baño', 'Estacionamiento gratis', 'Wifi', 'Calificado con 4,6 de 5 en limpieza']",2023-08-05,2023-08-10,,$63 USD,noche,1000,2023-06-24,2023-05-01,239.9193548387097
721236775675500736,Dpto en cabaña de montaña c/vistas a la cordillera,entire_home,"4,95 (21)",San Martin de los Andes,-40.13234,-71.32034,"['2 camas', '1 dormitorio', '1 baño', 'Estacionamiento gratis', 'Wifi', 'Calificado con 4,9 de 5 en limpieza']",2023-08-03,2023-08-10,,$67 USD,noche,1000,2023-06-24,2023-05-01,239.9193548387097
48039403,Apartment 2 Pax un Condo between hill and lake,entire_home,"4,88 (89)",San Carlos de Bariloche,-41.12422,-71.3668,"['1 cama', '1 dormitorio', '1 baño', '1 cama doble', 'Estacionamiento gratis', 'Wifi']",2023-07-27,2023-08-01,,$110 USD,noche,1000,2023-06-24,2023-05-01,239.9193548387097
30622116,"Cabaña en el bosque, cerca del centro de Ski",entire_home,"4,84 (69)",San Carlos de Bariloche,-41.14977,-71.40705,"['1 baño', '1 cama queen', 'Estacionamiento gratis', 'Wifi', 'Calificado con 4,9 de 5 en limpieza']",2023-07-07,2023-07-12,,$63 USD,noche,1000,2023-06-24,2023-05-01,239.9193548387097
628086382103966849,Monoambiente #Villegas - **Relax en la Patagonia**,entire_home,"5,0 (26)",Dina Huapi,-41.057999,-71.145523,"['1 cama', '1 dormitorio', '1 baño', 'Estacionamiento gratis', 'Wifi', 'Calificado con 5 de 5 en limpieza']",2023-07-01,2023-07-07,$54 USD,$64 USD,noche,1000,2023-06-24,2023-05-01,239.9193548387097
37496800,Increíble vista en el centro de Bariloche,entire_home,"4,79 (135)",San Carlos de Bariloche,-41.13413,-71.31085,"['2 baños', '1 cama doble', '2 camas de una plaza', 'Wifi', 'Calificado con 4,8 de 5 en limpieza']",2024-02-15,2024-02-20,,$65 USD,noche,1000,2023-06-24,2023-05-01,239.9193548387097
794001040519893954,Tillka - Cabaña Terra,entire_home,"5,0 (10)",Villa La Angostura,-40.7631854,-71.6404309,"['3 camas', '1 dormitorio', '1 baño', 'Estacionamiento gratis', 'Wifi', 'Calificado con 4,8 de 5 en limpieza']",2023-07-01,2023-07-06,,$125 USD,noche,1000,2023-06-24,2023-05-01,239.9193548387097
646448197775224239,Casita Far West,entire_home,"4,92 (12)",San Carlos de Bariloche,-41.10497,-71.45545,"['1 cama', '1 dormitorio', '1 baño', 'Estacionamiento gratis', 'Wifi', 'Calificado con 5 de 5 en limpieza']",2023-07-08,2023-07-13,,$70 USD,noche,1000,2023-06-24,2023-05-01,239.9193548387097
33972220,PUERTO LILIPUT -Exclusive Lodge-Cabaña con costa,entire_home,"4,98 (44)",San Carlos de Bariloche,-41.1629,-71.41528,"['6 camas', '3 dormitorios', '2 baños', '1 cama queen', '1 cama doble', 'más', 'Estacionamiento gratis', 'Wifi']",2023-09-07,2023-09-12,,$294 USD,noche,1000,2023-06-24,2023-05-01,239.9193548387097
577367191901514783,Cabaña de MONTAÑA  con excelente vista.,entire_home,"4,91 (11)",,-40.143132,-71.273665,"['2 camas', '2 dormitorios', '1 baño', '2 camas queen', 'Estacionamiento gratis', 'Wifi']",2023-07-24,2023-07-29,,$73 USD,noche,1000,2023-06-24,2023-05-01,239.9193548387097
53842341,Casa en Bariloche sobre costa de lago,entire_home,"4,86 (37)",San Carlos de Bariloche,-41.16174,-71.41303,"['3 camas', '3 dormitorios', '3 baños', '1 cama queen', '2 camas de una plaza', 'Estacionamiento gratis', 'Wifi', 'Calificado con 4,8 de 5 en limpieza']",2023-09-02,2023-09-07,,$150 USD,noche,1000,2023-06-24,2023-05-01,239.9193548387097
695927248428397171,"Precioso apartamento de 1 dormitorio, cerca del centro de la ciudad.",entire_home,"5,0 (8)",San Carlos de Bariloche,-41.1372,-71.32126,"['5 camas', '1 dormitorio', '1 baño', '1 cama doble', '2 camas de una plaza', 'más', 'Wifi', 'Calificado con 5 de 5 en limpieza']",2023-08-31,2023-09-07,,$69 USD,noche,1000,2023-06-24,2023-05-01,239.9193548387097
53729814,Pequeña casa,entire_home,"5,0 (36)",San Carlos de Bariloche,-41.14768,-71.31827,"['1 cama', '1 dormitorio', '1 baño', '1 cama doble', 'Estacionamiento gratis', 'Wifi']",2023-08-18,2023-08-23,,$39 USD,noche,1000,2023-06-24,2023-05-01,239.9193548387097
53729814,Pequeña casa,entire_home,"5,0 (36)",San Carlos de Bariloche,-41.14768,-71.31827,"['1 cama', '1 dormitorio', '1 baño', '1 cama doble', 'Estacionamiento gratis', 'Wifi', 'Calificado con 5 de 5 en limpieza']",2023-08-18,2023-08-23,,$39 USD,noche,1000,2023-06-24,2023-05-01,239.9193548387097
571693285038080905,Luminoso y vista al lago en el centro de Bariloche,entire_home,"4,47 (49)",San Carlos de Bariloche,-41.13445,-71.31602,"['2 camas', '1 dormitorio', '1 baño', 'Wifi', 'Calificado con 4,5 de 5 en limpieza']",2023-07-06,2023-07-11,,$120 USD,noche,1000,2023-06-24,2023-05-01,239.9193548387097
813190673021540204,Habitación en casa del bosque.,private_room,"5,0 (6)",San Carlos de Bariloche,-41.1334722,-71.3102778,"['1 cama', '1 dormitorio', '1 baño', 'Estacionamiento gratis', 'Wifi', 'Calificado con 4,8 de 5 en limpieza']",2023-08-07,2023-08-12,,$28 USD,noche,1000,2023-06-24,2023-05-01,239.9193548387097
45379457,Departamento con vista  en el centro de Bariloche,entire_home,"4,96 (75)",San Carlos de Bariloche,-41.13875,-71.30332,"['1 cama', 'Monoambiente', '1 baño', '1 cama doble', 'Wifi', 'Calificado con 5 de 5 en limpieza']",2023-09-20,2023-09-25,,$47 USD,noche,1000,2023-06-24,2023-05-01,239.9193548387097
50934431,Hermosa cabaña en un entorno de paz y naturaleza,entire_home,"4,94 (35)",San Carlos de Bariloche,-41.13328,-71.34454,"['3 camas', '2 dormitorios', '1 baño', '1 cama king', '2 camas de una plaza', 'Estacionamiento gratis', 'Wifi', 'Calificado con 4,9 de 5 en limpieza']",2023-08-29,2023-09-03,,$82 USD,noche,1000,2023-06-24,2023-05-01,239.9193548387097
48254202,Gartehütte,entire_home,"4,96 (50)",San Carlos de Bariloche,-41.11081,-71.42552,"['1 cama', 'Monoambiente', '1 baño', '1 cama queen', 'Estacionamiento gratis', 'Wifi', 'Calificado con 4,9 de 5 en limpieza']",2023-09-06,2023-09-12,,$30 USD,noche,1000,2023-06-24,2023-05-01,239.9193548387097
1011825,Increíble casa con vistas al lago,entire_home,"4,86 (104)",Villa La Angostura,-40.73464,-71.66545,"['4 camas', '2 dormitorios', '2 baños', '1 cama king', '2 camas de una plaza', 'más', 'Estacionamiento gratis', 'Wifi', 'Calificado con 4,8 de 5 en limpieza']",2023-07-25,2023-07-30,,$140 USD,noche,1000,2023-06-24,2023-05-01,239.9193548387097
43752208,LAGO Y VISTA  STUDIO 2 CERCA DE LA PLAYA DE LLAO LLAO,entire_home,"5,0 (19)",San Carlos de Bariloche,-41.0503,-71.49881,"['1 cama', 'Monoambiente', '1 baño', 'Estacionamiento gratis', 'Wifi', 'Calificado con 4,9 de 5 en limpieza']",2023-07-03,2023-07-09,,$150 USD,noche,1000,2023-06-24,2023-05-01,239.9193548387097
639078380250595296,"Monoambiente de 40 mts, luminoso, excelente vista.",entire_home,"4,95 (22)",San Martin de los Andes,-40.15197,-71.35105,"['3 camas', 'Monoambiente', '1 baño', 'Wifi', 'Calificado con 5 de 5 en limpieza']",2023-07-01,2023-07-06,$80 USD,$94 USD,noche,1000,2023-06-24,2023-05-01,239.9193548387097
52904852,Monoambiente 30m2  para 3. Céntrico. Calle Mitre!,entire_home,"4,89 (61)",San Carlos de Bariloche,-41.13403,-71.29884,"['3 camas', 'Monoambiente', '1 baño', '4 camas dobles', '2 sofás cama', 'Wifi', 'Calificado con 4,9 de 5 en limpieza']",2023-10-07,2023-10-12,,$30 USD,noche,1000,2023-06-24,2023-05-01,239.9193548387097
32838930,Cabaña al pie de Montaña en entorno de Bosque,entire_home,"4,79 (114)",San Martin de los Andes,-40.151752,-71.33651,"['5 camas', '2 dormitorios', '2 baños', '1 cama queen', '4 camas de una plaza', 'Estacionamiento gratis', 'Wifi', 'Calificado con 4,6 de 5 en limpieza']",2023-08-28,2023-09-02,,$68 USD,noche,1000,2023-06-24,2023-05-01,239.9193548387097
33908669,Departamento de KIRU con vista al lago,entire_home,"4,95 (117)",San Carlos de Bariloche,-41.13063,-71.3446,"['6 camas', '1 dormitorio', '1 baño', '1 cama king', '2 camas de una plaza', 'Estacionamiento gratis', 'Wifi', 'Calificado con 5 de 5 en limpieza']",2023-07-02,2023-07-07,,$138 USD,noche,1000,2023-06-24,2023-05-01,239.9193548387097
18430462,Mono ambiente con vista al lago,entire_home,"4,84 (141)",San Carlos de Bariloche,-41.13465,-71.30001,"['1 cama', 'Monoambiente', '1 baño', 'Wifi', 'Calificado con 4,6 de 5 en limpieza']",2023-09-21,2023-09-26,,$79 USD,noche,1000,2023-06-24,2023-05-01,239.9193548387097
33512769,Las Liebres Doble - D.T. 48/19,entire_home,"4,92 (90)",San Carlos de Bariloche,-41.12717,-71.35206,"['1 cama', '1 dormitorio', '1 baño', 'Estacionamiento gratis', 'Wifi', 'Calificado con 4,9 de 5 en limpieza']",2023-09-26,2023-10-01,,$50 USD,noche,1000,2023-06-24,2023-05-01,239.9193548387097
27109935,Refugio de montaña impecable,entire_home,"4,9 (20)",Villa La Angostura,-40.7605,-71.62541,"['2 camas', '1 dormitorio', '1 baño', '1 cama king', '1 cama de una plaza', 'Estacionamiento gratis', 'Wifi', 'Calificado con 5 de 5 en limpieza']",2023-07-01,2023-07-06,,$105 USD,noche,1000,2023-06-24,2023-05-01,239.9193548387097
805618749351197751,"Cabaña El Remanso, Bahía Manzano (AND12)",entire_home,"5,0 (6)",Puerto Manzano,-40.80657,-71.59462,"['5 camas', '2 dormitorios', '2 baños', '1 cama queen', '2 camas de una plaza', 'más', 'Estacionamiento gratis', 'Wifi', 'Calificado con 5 de 5 en limpieza']",2023-09-02,2023-09-07,,$90 USD,noche,1000,2023-06-24,2023-05-01,239.9193548387097
10462803,Acogedor departamento a orillas del Nahuel Huapi.,entire_home,"4,96 (190)",Bariloche ,-41.12993,-71.29088,"['3 camas', '1 dormitorio', '1 baño', '1 cama doble', '2 camas de una plaza', 'Estacionamiento gratis', 'Wifi', 'Calificado con 4,9 de 5 en limpieza']",2023-08-15,2023-08-21,,$143 USD,noche,1000,2023-06-24,2023-05-01,239.9193548387097
875983706178500374,Casa con pileta y acceso a playa,entire_home,"5,0 (3)",San Carlos de Bariloche,-41.12854,-71.25777,"['5 camas', '2 dormitorios', '1 ,5 baños', '1 cama queen', '1 cama doble', 'más', 'Estacionamiento gratis', 'Wifi', 'Calificado con 5 de 5 en limpieza']",2023-08-14,2023-08-19,,$75 USD,noche,1000,2023-06-24,2023-05-01,239.9193548387097
24481424,Patagonia Vantage Point,entire_home,"4,96 (191)",San Carlos de Bariloche,-41.13363,-71.31873,"['1 cama', '1 dormitorio', '1 ,5 baños', '1 cama queen', 'Estacionamiento gratis', 'Wifi']",2023-09-30,2023-10-05,,$79 USD,noche,1000,2023-06-24,2023-05-01,239.9193548387097
826672516955604338,BOG Cabaña en medio de la naturaleza,entire_home,"4,67 (3)",Villa La Angostura,-40.77135,-71.62894,"['7 camas', '3 dormitorios', '2,5 baños', '1 cama doble', '4 camas de una plaza', 'más', 'Estacionamiento gratis', 'Wifi']",2023-07-01,2023-07-08,,$120 USD,noche,1000,2023-06-24,2023-05-01,239.9193548387097
615791230682858978,"Minicasa ""Moralula""",entire_home,"4,81 (26)",San Carlos de Bariloche,-41.14553,-71.27731,"['1 cama', 'Monoambiente', '1 ,5 baños', 'Estacionamiento gratis', 'Wifi', 'Calificado con 4,9 de 5 en limpieza']",2023-12-01,2023-12-08,$36 USD,$45 USD,noche,1000,2023-06-24,2023-05-01,239.9193548387097
16563321,Acogedora cabaña en el lago,entire_home,"4,9 (134)","San Carlos de Bariloche, Río Negro, AR",-41.07018,-71.49094,"['1 cama', '1 dormitorio', '1 cama doble', 'Estacionamiento gratis', 'Wifi', 'Calificado con 4,9 de 5 en limpieza']",2023-07-15,2023-07-20,,$80 USD,noche,1000,2023-06-24,2023-05-01,239.9193548387097
30060583,"Excelente ubicación, casa para 3 personas",entire_home,"4,87 (90)",San Carlos de Bariloche,-41.13494,-71.32421,"['2 camas', '1 dormitorio', '1 baño', '1 cama king', '1 cama de una plaza', 'Estacionamiento gratis', 'Wifi']",2023-09-24,2023-10-01,,$48 USD,noche,1000,2023-06-24,2023-05-01,239.9193548387097
23005609,"El Refugio Miralejos, cabaña en la montaña",entire_home,"4,9 (62)",San Martin de los Andes,-40.16348,-71.28394,"['4 camas', '1 dormitorio', '1 cama doble', '3 camas de una plaza', 'Estacionamiento gratis', 'Wifi', 'Calificado con 4,7 de 5 en limpieza']",2023-07-01,2023-07-06,,$60 USD,noche,1000,2023-06-24,2023-05-01,239.9193548387097
17009897,"Aljabas, cabaña con vista al lago y a la montaña",entire_home,"4,9 (134)",Los Lagos,-40.72124,-71.688,"['4 camas', '2 dormitorios', '2 baños', '1 cama doble', '2 camas de una plaza', 'Estacionamiento gratis', 'Wifi']",2023-07-23,2023-07-29,$139 USD,$170 USD,noche,1000,2023-06-24,2023-05-01,239.9193548387097
50586981,ACUARELA II en pleno centro,entire_home,"4,92 (39)",San Carlos de Bariloche,-41.13638,-71.32374,"['1 cama', '1 dormitorio', '1 baño', 'Wifi', 'Calificado con 5 de 5 en limpieza']",2023-07-07,2023-07-12,,$73 USD,noche,1000,2023-06-24,2023-05-01,239.9193548387097
53779456,Casa de madera con amplio jardín en Circuito Chico,entire_home,"4,85 (26)",San Carlos de Bariloche,-41.05923,-71.50446,"['6 camas', '3 dormitorios', '2 baños', 'Estacionamiento gratis', 'Wifi']",2023-07-24,2023-07-31,,$198 USD,noche,1000,2023-06-24,2023-05-01,239.9193548387097
16981044,"""La Encantada"" en Villa los Coihues",entire_home,"4,97 (70)",San Carlos de Bariloche,-41.15174,-71.41345,"['1 baño', '1 cama doble', '2 camas de una plaza', 'Wifi', 'Calificado con 4,9 de 5 en limpieza']",2023-09-05,2023-09-12,,$90 USD,noche,1000,2023-06-24,2023-05-01,239.9193548387097
614567081120150817,Casa Fran,entire_home,"4,77 (31)",San Carlos de Bariloche,-41.12665,-71.35838,"['3 camas', '2 dormitorios', '2 baños', '1 cama queen', '2 camas de una plaza', 'Estacionamiento gratis', 'Wifi']",2023-07-27,2023-08-01,$109 USD,$151 USD,noche,1000,2023-06-24,2023-05-01,239.9193548387097
32564507,"Tranquilo, pleno centro, con parrilla",entire_home,"4,91 (98)",San Martin de los Andes,-40.15523,-71.34465,"['2 camas', '1 dormitorio', '1 baño', 'Wifi', 'Calificado con 4,8 de 5 en limpieza']",2023-07-29,2023-08-03,,$90 USD,noche,1000,2023-06-24,2023-05-01,239.9193548387097
48405176,Casita Container al rio y a 30 min del Mar!,entire_home,"4,68 (25)",Viedma,-40.87009,-62.92096,"['1 cama', '1 dormitorio', '1 baño', 'Estacionamiento gratis', 'Wifi', 'Calificado con 4,4 de 5 en limpieza']",2023-07-22,2023-07-27,$21 USD,$25 USD,noche,1000,2023-06-24,2023-05-01,239.9193548387097
640943103810696995,Cabaña Las Piedritas,entire_home,"5,0 (12)",San Martin de los Andes,-40.12444,-71.32135,"['5 camas', '2 dormitorios', '1 ,5 baños', '1 cama doble', '2 camas de una plaza', 'más', 'Estacionamiento gratis', 'Wifi', 'Calificado con 4,7 de 5 en limpieza']",2023-07-01,2023-07-06,,$140 USD,noche,1000,2023-06-24,2023-05-01,239.9193548387097
24602649,Casa nueva moderna de 2 morenos,entire_home,"4,98 (61)",,-41.07316,-71.50196,"['5 camas', '4 dormitorios', '3,5 baños', 'Estacionamiento gratis', 'Wifi', 'Calificado con 5 de 5 en limpieza']",2023-09-05,2023-09-10,,$330 USD,noche,1000,2023-06-24,2023-05-01,239.9193548387097
637328,casa en la azotea verde en la laguna,entire_home,"4,98 (220)",San Carlos de Bariloche,-41.07286,-71.49175,"['4 camas', '3 dormitorios', '3 baños', '2 camas king', '2 camas de una plaza', 'Estacionamiento gratis', 'Wifi']",2023-07-08,2023-07-13,$356 USD,$400 USD,noche,1000,2023-06-24,2023-05-01,239.9193548387097
23536814,Downtown Studio con vista al Jardín,entire_home,"4,89 (61)",San Carlos de Bariloche,-41.137,-71.3043,"['1 cama', 'Monoambiente', '1 baño', '1 cama doble', 'Wifi']",2023-09-15,2023-09-20,,$59 USD,noche,1000,2023-06-24,2023-05-01,239.9193548387097
599328787884286084,Blues céntrico,entire_home,"5,0 (53)",San Carlos de Bariloche,-41.13386,-71.30837,"['1 baño', '1 cama queen', '2 camas de una plaza', 'Estacionamiento gratis', 'Wifi', 'Calificado con 5 de 5 en limpieza']",2023-09-02,2023-09-08,$180 USD,$200 USD,noche,1000,2023-06-24,2023-05-01,239.9193548387097
609427764930669698,Hermoso monoambiente céntrico,entire_home,"4,97 (32)",San Carlos de Bariloche,-41.138149,-71.305573,"['1 cama', 'Monoambiente', '1 baño', '1 cama queen', 'Wifi', 'Calificado con 5 de 5 en limpieza']",2023-09-25,2023-09-30,,$35 USD,noche,1000,2023-06-24,2023-05-01,239.9193548387097
14053989,CABAÑA CON COSTA DE LAGO,entire_home,"4,95 (133)",San Carlos de Bariloche,-41.06827,-71.47169,"['2 camas', '1 dormitorio', '1 baño', '1 cama doble', '1 sofá cama', 'Estacionamiento gratis', 'Wifi', 'Calificado con 5 de 5 en limpieza']",2023-07-01,2023-07-06,$95 USD,$120 USD,noche,1000,2023-06-24,2023-05-01,239.9193548387097
29358620,"Patagonia Mágica, Cabaña de troncos. Hab. 1",private_room,"4,87 (79)",San Martin de los Andes,-40.1248,-71.31659,"['1 cama', '1 dormitorio', '1 ,5 baños', 'Estacionamiento gratis', 'Wifi', 'Calificado con 4,7 de 5 en limpieza']",2023-07-03,2023-07-08,,$50 USD,noche,1000,2023-06-24,2023-05-01,239.9193548387097
5837517,Departamento LOS RODODENDROS  2 dormitorios,entire_home,"4,51 (181)",Dina Huapi,-41.07712,-71.17582,"['1 cama', '2 dormitorios', '1 baño', '1 cama doble', 'Estacionamiento gratis', 'Wifi', 'Calificado con 4,5 de 5 en limpieza']",2023-08-31,2023-09-05,,$22 USD,noche,1000,2023-06-24,2023-05-01,239.9193548387097
545022151966438713,Cómoda casa de huéspedes nueva con parrilla,entire_home,"5,0 (30)",San Carlos de Bariloche,-41.12955,-71.25106,"['3 camas', '1 dormitorio', '1 baño', '1 cama doble', '1 cama de una plaza', 'más', 'Estacionamiento gratis', 'Wifi', 'Calificado con 5 de 5 en limpieza']",2023-10-01,2023-10-06,$69 USD,$81 USD,noche,1000,2023-06-24,2023-05-01,239.9193548387097
550807374525703424,Acogedor estudio en la  costa del lago,entire_home,"4,97 (31)",San Carlos de Bariloche,-41.07104,-71.53025,"['1 cama', 'Monoambiente', '1 baño', 'Estacionamiento gratis', 'Calificado con 5 de 5 en limpieza']",2023-07-01,2023-07-06,,$95 USD,noche,1000,2023-06-24,2023-05-01,239.9193548387097
22759200,Arrayán.  Luminoso y acogedor departamento,entire_home,"4,84 (98)",San Carlos de Bariloche,-41.11291,-71.44117,"['2 camas', '1 dormitorio', '1 baño', '1 cama doble', '1 cama de una plaza', 'Estacionamiento gratis', 'Wifi', 'Calificado con 4,7 de 5 en limpieza']",2023-09-06,2023-09-11,,$40 USD,noche,1000,2023-06-24,2023-05-01,239.9193548387097
554319517238694179,Cabaña Raulí para 8 con jacuzzi,entire_home,"4,94 (17)",San Carlos de Bariloche,-41.14502,-71.41274,"['7 camas', '4 dormitorios', '1 ,5 baños', '2 camas dobles', '4 camas de una plaza', 'más', 'Estacionamiento gratis', 'Wifi', 'Calificado con 4,9 de 5 en limpieza']",2023-09-05,2023-09-11,$157 USD,$185 USD,noche,1000,2023-06-24,2023-05-01,239.9193548387097
617274793784739463,Cabaña Los Robles vista Bosque  4 personas  Relax,entire_home,"4,94 (32)",San Martin de los Andes,-40.15226,-71.34312,"['3 camas', '2 dormitorios', '1 baño', '1 cama doble', '2 camas de una plaza', 'Estacionamiento gratis', 'Wifi', 'Calificado con 4,8 de 5 en limpieza']",2023-07-01,2023-07-06,$87 USD,$115 USD,noche,1000,2023-06-24,2023-05-01,239.9193548387097
46080428,Casa Náutica La Cascada con Vista al Lago.,entire_home,"4,8 (49)",San Carlos de Bariloche,-41.11966,-71.37627,"['2 camas', '1 dormitorio', '1 baño', '1 cama doble', '1 sofá cama', 'Estacionamiento gratis', 'Wifi', 'Calificado con 4,6 de 5 en limpieza']",2023-07-11,2023-07-16,,$168 USD,noche,1000,2023-06-24,2023-05-01,239.9193548387097
596437715857861711,"Cabaña en la montaña""Huet Huet""",entire_home,"5,0 (14)",San Carlos de Bariloche,-41.13846,-71.36574,"['2 camas', '1 dormitorio', '1 baño', '1 cama doble', '1 cama de una plaza', 'Wifi', 'Calificado con 5 de 5 en limpieza']",2023-08-31,2023-09-05,,$26 USD,noche,1000,2023-06-24,2023-05-01,239.9193548387097
27782581,Depto Soñado en San Martín de los Andes (centro),entire_home,"4,96 (108)",San Martin de los Andes,-40.1524,-71.35152,"['2 camas', 'Monoambiente', '1 baño', 'Wifi', 'Calificado con 5 de 5 en limpieza']",2023-07-01,2023-07-06,$62 USD,$85 USD,noche,1000,2023-06-24,2023-05-01,239.9193548387097
48485530,"Depto. Super Amplio en Polo, Arelauquen Golf Club",entire_home,"4,96 (28)",San Carlos de Bariloche,-41.163597,-71.361763,"['6 camas', '4 dormitorios', '3 baños', '2 camas king', '4 camas de una plaza', 'Estacionamiento gratis', 'Wifi', 'Calificado con 4,9 de 5 en limpieza']",2023-09-05,2023-09-11,,$250 USD,noche,1000,2023-06-24,2023-05-01,239.9193548387097
39227145,Balcón al paraíso.,entire_home,"4,96 (48)",San Carlos de Bariloche,-41.10732,-71.4499,"['2 camas', 'Monoambiente', '1 baño', '1 cama doble', 'Estacionamiento gratis', 'Wifi', 'Calificado con 5 de 5 en limpieza']",2023-08-25,2023-08-31,,$69 USD,noche,1000,2023-06-24,2023-05-01,239.9193548387097
610191720022762372,Refugio de montaña El Desafío,entire_home,,San Martin de los Andes,-40.15803,-71.28444,"['5 camas', '3 dormitorios', '2 baños', '1 cama queen', '4 camas de una plaza', 'Estacionamiento gratis', 'Wifi']",2023-07-01,2023-07-06,,$175 USD,noche,1000,2023-06-24,2023-05-01,239.9193548387097
31949732,"CABAÑA ESTILO KEY WEST, EN PATAGONIA",entire_home,"4,56 (46)",Dina Huapi,-41.06626,-71.15943,"['4 camas', '2 dormitorios', '1 baño', '1 cama doble', '3 camas de una plaza', 'Estacionamiento gratis', 'Wifi', 'Calificado con 4,4 de 5 en limpieza']",2023-07-17,2023-07-22,,$70 USD,noche,1000,2023-06-24,2023-05-01,239.9193548387097
46318875,A LOS PIES DEL ARROYO,entire_home,"4,96 (23)",San Martin de los Andes,-40.13588,-71.28457,"['1 cama', '1 dormitorio', '1 baño', '1 cama queen', 'Estacionamiento gratis', 'Wifi', 'Calificado con 5 de 5 en limpieza']",2023-07-01,2023-07-06,,$70 USD,noche,1000,2023-06-24,2023-05-01,239.9193548387097
30204479,La casa de Ni,entire_home,"4,95 (97)",Bariloche,-41.152805,-71.415619,"['2 camas', '1 dormitorio', '1 ,5 baños', '1 cama doble', '1 cama de una plaza', 'Estacionamiento gratis', 'Wifi', 'Calificado con 5 de 5 en limpieza']",2023-07-01,2023-07-06,$99 USD,$117 USD,noche,1000,2023-06-24,2023-05-01,239.9193548387097
17379425,Unica. Casa de Diseño. Cálida y Moderna.,entire_home,"4,96 (98)",San Carlos de Bariloche,-41.15411,-71.41605,"['2 camas', '2 dormitorios', '1 ,5 baños', '1 cama doble', '1 cama de una plaza', 'Estacionamiento gratis', 'Wifi', 'Calificado con 4,9 de 5 en limpieza']",2023-08-21,2023-08-26,,$170 USD,noche,1000,2023-06-24,2023-05-01,239.9193548387097
667947519113196961,Hermoso Depto a metros del centro de la ciudad.,entire_home,"4,91 (68)",Villa La Angostura,-40.76334,-71.64023,"['3 camas', '1 dormitorio', '1 baño', '1 cama queen', '2 sofás cama', 'Estacionamiento gratis', 'Wifi', 'Calificado con 4,8 de 5 en limpieza']",2023-07-01,2023-07-06,,$70 USD,noche,1000,2023-06-24,2023-05-01,239.9193548387097
15469412,Casa de campo en la montaña Bariloche,entire_home,"4,91 (104)",San Carlos de Bariloche,-41.11119,-71.44352,"['1 cama', '1 dormitorio', '1 baño', '1 cama doble', 'Estacionamiento gratis', 'Wifi', 'Calificado con 4,9 de 5 en limpieza']",2023-08-25,2023-08-30,,$55 USD,noche,1000,2023-06-24,2023-05-01,239.9193548387097
589640646255964241,Cálida casa sobre el lago para hasta 7 pax,entire_home,"5,0 (12)",San Carlos de Bariloche,-41.045878,-71.50942,"['7 camas', '5 dormitorios', '2 baños', 'Estacionamiento gratis', 'Wifi', 'Calificado con 5 de 5 en limpieza']",2023-07-31,2023-08-06,$219 USD,$247 USD,noche,1000,2023-06-24,2023-05-01,239.9193548387097
734877502966665498,Casa Bosque,entire_home,,San Martín de los Andes,-40.12236,-71.29041,"['3 camas', '2 dormitorios', '2 baños', '1 cama queen', '2 camas de una plaza', 'Estacionamiento gratis', 'Wifi']",2023-07-01,2023-07-06,,$110 USD,noche,1000,2023-06-24,2023-05-01,239.9193548387097
14373763,Depto Malbec Céntrico c/parrilla y pileta,entire_home,"4,76 (135)",San Martin de los Andes,-40.15491,-71.34487,"['1 cama', '1 dormitorio', '1 baño', '1 cama doble', 'Wifi', 'Calificado con 4,7 de 5 en limpieza']",2023-07-10,2023-07-17,,$59 USD,noche,1000,2023-06-24,2023-05-01,239.9193548387097
11168548,"El Mononoambiente, con vista al lago",entire_home,"4,84 (49)",San Carlos de Bariloche,-41.13325,-71.36591,"['1 cama', '1 dormitorio', '1 baño', '1 cama doble', 'Wifi', 'Calificado con 4,9 de 5 en limpieza']",2023-08-28,2023-09-02,,$50 USD,noche,1000,2023-06-24,2023-05-01,239.9193548387097
17846750,Cabaña en Bariloche a minutos del Centro,entire_home,"4,89 (108)",San Carlos de Bariloche,-41.12764,-71.35801,"['4 camas', '2 dormitorios', '1 baño', '1 cama king', '2 camas de una plaza', 'más', 'Estacionamiento gratis', 'Wifi', 'Calificado con 4,9 de 5 en limpieza']",2023-08-09,2023-08-14,$75 USD,$85 USD,noche,1000,2023-06-24,2023-05-01,239.9193548387097
54343283,Tiny house en la Patagonia I - Con costa de río,entire_home,"4,88 (24)",San Martín de los Andes,-40.06995,-71.3145,"['1 cama', '1 dormitorio', '1 baño', 'Estacionamiento gratis', 'Wifi', 'Calificado con 4,8 de 5 en limpieza']",2023-07-01,2023-07-06,,$68 USD,noche,1000,2023-06-24,2023-05-01,239.9193548387097
739202758299900223,"Patagonia Mágica, Cabaña de troncos. Hab. 5",private_room,"5,0 (11)",Lácar Department,-40.12565,-71.32154,"['2 camas', 'Monoambiente', 'Estacionamiento gratis', 'Wifi', 'Calificado con 5 de 5 en limpieza']",2023-08-01,2023-08-06,,$50 USD,noche,1000,2023-06-24,2023-05-01,239.9193548387097
797077259992479162,Vista al Lago en el Bosque - Hab Compartida,shared_room,"5,0 (8)",San Carlos de Bariloche,-41.13455,-71.36807,"['1 cama', '1 dormitorio', '1 baño compartido', 'Wifi', 'Calificado con 5 de 5 en limpieza']",2023-07-11,2023-07-18,,$21 USD,noche,1000,2023-06-24,2023-05-01,239.9193548387097
52993593,Habitación privada en San Martín de Los Andes dob.,private_room,"4,96 (27)",San Martin de los Andes,-40.13356,-71.29748,"['1 cama', '1 dormitorio', '2 baños compartidos', '1 cama doble', 'Estacionamiento gratis', 'Wifi']",2023-07-01,2023-07-06,,$30 USD,noche,1000,2023-06-24,2023-05-01,239.9193548387097
22994028,Mari Village.,entire_home,"4,9 (134)",San Carlos de Bariloche,-41.10241,-71.44685,"['1 cama', '1 dormitorio', '1 baño', '1 cama doble', 'Estacionamiento gratis', 'Wifi', 'Calificado con 4,8 de 5 en limpieza']",2023-09-01,2023-09-06,,$35 USD,noche,1000,2023-06-24,2023-05-01,239.9193548387097
34420689,Victorias Tempo. Depto nuevo con jardín y cochera.,entire_home,"4,92 (96)",San Carlos de Bariloche,-41.14011,-71.25835,"['2 camas', '1 dormitorio', '1 baño', '1 cama doble', '1 sofá cama', 'Estacionamiento gratis', 'Wifi', 'Calificado con 4,9 de 5 en limpieza']",2023-08-28,2023-09-02,$53 USD,$63 USD,noche,1000,2023-06-24,2023-05-01,239.9193548387097
782060930905714812,Cabaña en la montaña: La Cascada,entire_home,,San Martin de los Andes,-40.14405,-71.27512,"['1 cama', '1 dormitorio', '1 baño', 'Estacionamiento gratis', 'Wifi']",2023-07-01,2023-07-06,$45 USD,$75 USD,noche,1000,2023-06-24,2023-05-01,239.9193548387097
49546396,Departamento para 2. Excelente ubicación.,entire_home,"4,89 (53)",San Carlos de Bariloche,-41.13455,-71.2992,"['1 cama', 'Monoambiente', '1 baño', '1 cama queen', 'Wifi', 'Calificado con 4,9 de 5 en limpieza']",2023-07-07,2023-07-13,,$70 USD,noche,1000,2023-06-24,2023-05-01,239.9193548387097
602017890042571520,Suite con cocina e increíble vista a los cerros,entire_home,"5,0 (30)",La Villa,-40.774208068847656,-71.65174865722656,"['2 camas', '1 dormitorio', '1 baño', '1 cama queen', '1 sofá cama', 'Estacionamiento gratis', 'Wifi', 'Calificado con 5 de 5 en limpieza']",2023-07-01,2023-07-06,,$70 USD,noche,1000,2023-06-24,2023-05-01,239.9193548387097
4635954,"ESTUDIO A 20 METROS DEL CIVICO CENTER, VISTA AL LAGO.",entire_home,"4,68 (175)",San Carlos de Bariloche,-41.13392,-71.31028,"['1 cama', 'Monoambiente', '1 ,5 baños', 'Wifi', 'Calificado con 4,6 de 5 en limpieza']",2023-08-03,2023-08-08,,$96 USD,noche,1000,2023-06-24,2023-05-01,239.9193548387097
4635954,"ESTUDIO A 20 METROS DEL CIVICO CENTER, VISTA AL LAGO.",entire_home,"4,68 (175)",San Carlos de Bariloche,-41.13392,-71.31028,"['1 cama', 'Monoambiente', '1 ,5 baños', 'Wifi', 'Calificado con 4,6 de 5 en limpieza']",2023-08-03,2023-08-08,,$96 USD,noche,1000,2023-06-24,2023-05-01,239.9193548387097
18914527,Apartamento Snow & Pine,entire_home,"4,99 (124)",San Carlos de Bariloche,-41.14004,-71.31386,"['1 cama', '1 dormitorio', '1 baño', '1 cama doble', 'Wifi']",2023-10-14,2023-10-19,,$60 USD,noche,1000,2023-06-24,2023-05-01,239.9193548387097
894333521789845237,Cabaña a Estrenar,entire_home,Nuevo,San Martin de los Andes,-40.12741,-71.21691,"['4 camas', '3 dormitorios', '2,5 baños', '2 camas queen', '2 camas de una plaza', 'Estacionamiento gratis', 'Wifi']",2023-07-01,2023-07-06,$160 USD,$200 USD,noche,1000,2023-06-24,2023-05-01,239.9193548387097
10894237,"""Los Amancays ""
Cabaña de montaña",entire_home,"4,86 (52)","Villa La Angostura, Neuquén Argentina",-40.75297,-71.65557,"['7 camas', '3 dormitorios', '1 ,5 baños', '2 camas dobles', '4 camas de una plaza', 'más', 'Estacionamiento gratis', 'Wifi', 'Calificado con 4,8 de 5 en limpieza']",2023-07-02,2023-07-07,,$100 USD,noche,1000,2023-06-24,2023-05-01,239.9193548387097
755921214950226681,Casita vegetariana  en la naturaleza,entire_home,"4,9 (31)",San Carlos de Bariloche,-41.04700547575028,-71.5154217928648,"['1 cama', '1 dormitorio', '1 baño', 'Wifi', 'Calificado con 4,6 de 5 en limpieza']",2023-07-01,2023-07-06,$25 USD,$29 USD,noche,1000,2023-06-24,2023-05-01,239.9193548387097
29213648,Estudio con vista al lago en el centro deBariloche,entire_home,"4,49 (87)",San Carlos de Bariloche,-41.13276,-71.31559,"['1 cama', 'Monoambiente', '1 baño', '1 sofá cama', 'Wifi', 'Calificado con 4,7 de 5 en limpieza']",2023-08-28,2023-09-02,,$74 USD,noche,1000,2023-06-24,2023-05-01,239.9193548387097
557919185259863790,"Alojamiento ideal, en un lugar ideal.",entire_home,"4,89 (28)",San Martin de los Andes,-40.15902,-71.35928,"['3 camas', '1 dormitorio', '1 baño', '1 cama queen', '1 cama de una plaza', 'más', 'Estacionamiento gratis', 'Wifi']",2023-08-05,2023-08-10,,$90 USD,noche,1000,2023-06-24,2023-05-01,239.9193548387097
47921978,AMAREMIO - HERMOSA CASA PARA PAREJAS,entire_home,"4,75 (20)",Las grutas,-40.86975,-65.12661,"['2 camas', 'Monoambiente', '1 ,5 baños', '1 cama doble', '1 cama de una plaza', 'Calificado con 5 de 5 en limpieza']",2023-07-01,2023-07-06,,$80 USD,noche,1000,2023-06-24,2023-05-01,239.9193548387097
15965363,"Villa La Angostura ""Casa Aimé"" - Amazing view",entire_home,"5,0 (49)",La Villa,-40.779472601693406,-71.66399245939182,"['8 camas', '4 dormitorios', '1 cama king', '7 camas de una plaza', 'Estacionamiento gratis', 'Wifi', 'Calificado con 5 de 5 en limpieza']",2023-08-05,2023-08-10,,$450 USD,noche,1000,2023-06-24,2023-05-01,239.9193548387097
40184006,"Cabaña Lago Lolog, San Martin de Los Andes I",entire_home,"4,77 (13)",San Martin de los Andes,-40.05905,-71.30927,"['3 camas', '2 dormitorios', '1 baño', '1 cama doble', '2 camas de una plaza', 'Estacionamiento gratis', 'Wifi', 'Calificado con 4,9 de 5 en limpieza']",2023-08-07,2023-08-12,,$50 USD,noche,1000,2023-06-24,2023-05-01,239.9193548387097
21238390,Casa de montaña c/ vista al lago - Maitenes,entire_home,"4,95 (58)",San Carlos de Bariloche,-41.0749,-71.46651,"['3 camas', '2 dormitorios', '1 cama queen', '2 camas de una plaza', 'Estacionamiento gratis', 'Wifi', 'Calificado con 4,9 de 5 en limpieza']",2023-08-21,2023-08-27,$99 USD,$110 USD,noche,1000,2023-06-24,2023-05-01,239.9193548387097
46338322,"Ubicación céntrica, pleno corazón de Bariloche",entire_home,"4,88 (42)",San Carlos de Bariloche,-41.13298,-71.30428,"['3 camas', '2 dormitorios', '1 baño', '1 cama queen', '2 camas de una plaza', 'Wifi']",2023-10-04,2023-10-09,,$60 USD,noche,1000,2023-06-24,2023-05-01,239.9193548387097
33134546,L&L Studio Cabin,entire_home,"4,76 (140)",San Carlos de Bariloche,-41.12861,-71.3704,"['1 cama', 'Monoambiente', '1 baño', '1 cama doble', 'Estacionamiento gratis', 'Wifi']",2023-08-04,2023-08-10,,$30 USD,noche,1000,2023-06-24,2023-05-01,239.9193548387097
665101374587954158,Estudio con parque,entire_home,"4,95 (19)",San Carlos de Bariloche,-41.1048,-71.44085,"['1 cama', '1 dormitorio', '1 baño', 'Estacionamiento gratis', 'Wifi', 'Calificado con 5 de 5 en limpieza']",2023-07-01,2023-07-06,,$69 USD,noche,1000,2023-06-24,2023-05-01,239.9193548387097
47975732,"""La Posadita"" Casa de Montaña, Miralejos",entire_home,"5,0 (3)",San Martin de los Andes,-40.16316,-71.28312,"['5 camas', '3 dormitorios', '2 baños', '1 cama queen', '4 camas de una plaza', 'Estacionamiento gratis', 'Wifi']",2023-07-01,2023-07-06,,$250 USD,noche,1000,2023-06-24,2023-05-01,239.9193548387097
1913711,Casa de montaña en el centro ,entire_home,"4,7 (194)",San Martín de los Andes,-40.15192,-71.35012,"['5 camas', '3 dormitorios', '1 cama doble', '4 camas de una plaza', 'Estacionamiento gratis', 'Wifi', 'Calificado con 4,6 de 5 en limpieza']",2023-09-25,2023-10-01,,$75 USD,noche,1000,2023-06-24,2023-05-01,239.9193548387097
6637400,Cabaña cerca del Cerro Catedral,entire_home,"4,93 (121)",San Carlos de Bariloche,-41.15727,-71.41497,"['3 camas', '1 dormitorio', '1 baño', '1 cama king', '2 camas de una plaza', 'Estacionamiento gratis']",2023-07-28,2023-08-04,,$52 USD,noche,1000,2023-06-24,2023-05-01,239.9193548387097
802059944039747923,hermosa tiny house en la montaña,entire_home,,San Carlos de Bariloche,-41.17441,-71.36737,"['No hay evaluaciones', '2 camas', '1 dormitorio', '1 baño', 'Estacionamiento gratis', 'Wifi', 'No hay evaluaciones']",2023-07-01,2023-07-06,,$36 USD,noche,1000,2023-06-24,2023-05-01,239.9193548387097
795027372832075610,Habitación en lugar de ensueño,private_room,"5,0 (12)",San Martin de los Andes,-40.117366235300544,-71.24584433138274,"['1 ,5 baños', 'Estacionamiento gratis', 'Wifi', 'Calificado con 5 de 5 en limpieza']",2023-07-01,2023-07-06,,$37 USD,noche,1000,2023-06-24,2023-05-01,239.9193548387097
725156603487938397,Mini casa céntrica estacionamiento y WIFI,entire_home,"4,3 (20)",San Carlos de Bariloche,-41.14063,-71.30663,"['1 cama', 'Monoambiente', '1 baño', 'Estacionamiento gratis', 'Wifi', 'Calificado con 4,4 de 5 en limpieza']",2023-08-04,2023-08-09,$40 USD,$57 USD,noche,1000,2023-06-24,2023-05-01,239.9193548387097
6993416,Cabaña Lago Bahía Protegida Costa Lago,entire_home,"4,92 (100)",San Carlos de Bariloche,-41.09834,-71.44622,"['6 camas', '2 dormitorios', '2 baños', 'Estacionamiento gratis', 'Wifi', 'Calificado con 4,8 de 5 en limpieza']",2023-08-12,2023-08-17,,$300 USD,noche,1000,2023-06-24,2023-05-01,239.9193548387097
45622266,Departamento Moderno y Luminoso Centro Bariloche,entire_home,"4,98 (60)",San Carlos de Bariloche,-41.13565,-71.29983,"['2 camas', 'Monoambiente', '1 baño', '1 cama doble', '1 sofá cama', 'Wifi', 'Calificado con 5 de 5 en limpieza']",2023-09-03,2023-09-08,,$65 USD,noche,1000,2023-06-24,2023-05-01,239.9193548387097
38720947,Hermosa,entire_home,"4,78 (37)",San Carlos de Bariloche,-41.12747,-71.35122,"['4 camas', '3 dormitorios', '3 baños', '1 cama king', '3 camas de una plaza', 'Estacionamiento gratis', 'Wifi', 'Calificado con 4,7 de 5 en limpieza']",2023-08-25,2023-08-30,,$200 USD,noche,1000,2023-06-24,2023-05-01,239.9193548387097
15833307,BOG Casa con hogar a leña,entire_home,"4,94 (34)",Villa La Angostura,-40.77396,-71.62418,"['5 camas', '3 dormitorios', '3,5 baños', '1 cama queen', '4 camas de una plaza', 'Estacionamiento gratis', 'Wifi', 'Calificado con 5 de 5 en limpieza']",2023-07-01,2023-07-06,$208 USD,$275 USD,noche,1000,2023-06-24,2023-05-01,239.9193548387097
649307420913365326,casa paqueta en las coloradas,entire_home,"5,0 (7)",Las Grutas,-40.82806,-65.11383,"['4 camas', '2 dormitorios', '2 baños', '1 cama queen', '2 camas de una plaza', 'más', 'Estacionamiento gratis', 'Wifi', 'Calificado con 5 de 5 en limpieza']",2023-07-01,2023-07-06,,$150 USD,noche,1000,2023-06-24,2023-05-01,239.9193548387097
4985036,LAGO Y VISTAS STUDIO1 CERCA DEL ACCESO A LA PLAYA DE LLAO LLAO,entire_home,"4,99 (102)",,-41.05017,-71.49943,"['1 cama', 'Monoambiente', '1 baño', 'Estacionamiento gratis', 'Wifi', 'Calificado con 5 de 5 en limpieza']",2023-07-07,2023-07-13,,$150 USD,noche,1000,2023-06-24,2023-05-01,239.9193548387097
664380532615499967,Loft de diseño,entire_home,"5,0 (8)",Villa La Angostura,-40.74609,-71.65982,"['1 cama', '1 dormitorio', '1 baño', 'Estacionamiento gratis', 'Wifi', 'Calificado con 5 de 5 en limpieza']",2023-07-01,2023-07-07,,$80 USD,noche,1000,2023-06-24,2023-05-01,239.9193548387097
40587780,BOG Cabaña moderna rodeada de naturaleza,entire_home,"4,75 (20)",Villa La Angostura,-40.7772,-71.62487,"['3 camas', '2 dormitorios', '1 ,5 baños', '1 cama doble', '2 camas de una plaza', 'Estacionamiento gratis', 'Wifi', 'Calificado con 4,8 de 5 en limpieza']",2023-07-08,2023-07-13,,$150 USD,noche,1000,2023-06-24,2023-05-01,239.9193548387097
899090354979371279,Costa Nahuel Apartments,entire_home,Nuevo,Dina Huapi,-41.07804829881863,-71.17988716810942,"['3 camas', '2 dormitorios', '1 baño', 'Estacionamiento gratis', 'Wifi']",2023-07-07,2023-07-12,$80 USD,$100 USD,noche,1000,2023-06-24,2023-05-01,239.9193548387097
5537709,La Escandinava - a modern cottage,entire_home,"4,89 (88)",Villa La Angostura,-40.75203,-71.65017,"['4 camas', '2 dormitorios', '1 baño', '1 cama doble', '3 camas de una plaza', 'Estacionamiento gratis', 'Wifi', 'Calificado con 4,8 de 5 en limpieza']",2023-07-01,2023-07-06,,$90 USD,noche,1000,2023-06-24,2023-05-01,239.9193548387097
45953662,"Luz, montaña y naturaleza. Casa encantadora.",entire_home,"5,0 (8)",San Carlos de Bariloche,-41.15381,-71.41522,"['4 camas', '2 dormitorios', '1 baño', '1 cama doble', '2 camas de una plaza', 'Estacionamiento gratis', 'Wifi', 'Calificado con 4,9 de 5 en limpieza']",2023-08-09,2023-08-15,,$63 USD,noche,1000,2023-06-24,2023-05-01,239.9193548387097
23679090,Cálido y moderno con vista al lago,entire_home,"4,61 (84)",San Carlos de Bariloche,-41.13611,-71.2993,"['1 cama', 'Monoambiente', '1 baño', 'Wifi', 'Calificado con 4,4 de 5 en limpieza']",2023-07-24,2023-07-29,,$100 USD,noche,1000,2023-06-24,2023-05-01,239.9193548387097
32958687,JARDÍN LAKEANDVIEW CERCA DE la PLAYA LLAO LLAO LLAO,entire_home,"5,0 (7)",San Carlos de Bariloche,-41.05039,-71.49948,"['1 cama', '1 dormitorio', '1 baño', 'Estacionamiento gratis', 'Wifi', 'Calificado con 5 de 5 en limpieza']",2023-07-30,2023-08-04,,$180 USD,noche,1000,2023-06-24,2023-05-01,239.9193548387097
6759339,Impecable cabaña en Bariloche,entire_home,"4,91 (32)",San Carlos de Bariloche,-41.10855,-71.42499,"['4 camas', '2 dormitorios', '1 baño', '1 cama doble', '2 camas de una plaza', 'más', 'Wifi', 'Calificado con 4,8 de 5 en limpieza']",2023-08-04,2023-08-09,,$70 USD,noche,1000,2023-06-24,2023-05-01,239.9193548387097
38777312,Cabañas Waldesruh,entire_home,"4,9 (31)",Villa Traful,-40.6486,-71.41879,"['3 camas', '1 dormitorio', '1 baño', '1 cama doble', '1 cama de una plaza', 'más', 'Estacionamiento gratis', 'Wifi', 'Calificado con 4,9 de 5 en limpieza']",2023-07-01,2023-07-06,,$70 USD,noche,1000,2023-06-24,2023-05-01,239.9193548387097
37245663,Preciosa cabaña en el bosque de Llaollao con vistas al lago,entire_home,"4,8 (30)",San Carlos de Bariloche,-41.05079,-71.53495,"['6 camas', '4 dormitorios', '1 baño', '1 cama doble', '5 camas de una plaza', 'Estacionamiento gratis', 'Wifi', 'Calificado con 5 de 5 en limpieza']",2023-07-01,2023-07-06,,$90 USD,noche,1000,2023-06-24,2023-05-01,239.9193548387097
38777312,Cabañas Waldesruh,entire_home,"4,9 (31)",Villa Traful,-40.6486,-71.41879,"['3 camas', '1 dormitorio', '1 baño', '1 cama doble', '1 cama de una plaza', 'más', 'Estacionamiento gratis', 'Wifi', 'Calificado con 4,9 de 5 en limpieza']",2023-07-01,2023-07-06,,$70 USD,noche,1000,2023-06-24,2023-05-01,239.9193548387097
37245663,Preciosa cabaña en el bosque de Llaollao con vistas al lago,entire_home,"4,8 (30)",San Carlos de Bariloche,-41.05079,-71.53495,"['6 camas', '4 dormitorios', '1 baño', '1 cama doble', '5 camas de una plaza', 'Estacionamiento gratis', 'Wifi', 'Calificado con 5 de 5 en limpieza']",2023-07-01,2023-07-06,,$90 USD,noche,1000,2023-06-24,2023-05-01,239.9193548387097
805617298297797298,"Cabaña El Remanso, Bahía Manzano (AND11)",entire_home,"4,75 (8)",Puerto Manzano,-40.80667,-71.59386,"['5 camas', '2 dormitorios', '2 baños', 'Estacionamiento gratis', 'Wifi', 'Calificado con 4,8 de 5 en limpieza']",2023-07-29,2023-08-03,,$135 USD,noche,1000,2023-06-24,2023-05-01,239.9193548387097
29800413,Ruta de la Patagonia cabaña ecologica 40 #1,entire_home,"4,96 (102)",San Martin de los Andes,-40.31272,-71.38069,"['3 camas', '1 dormitorio', '1 baño', '1 cama doble', 'Estacionamiento gratis', 'Wifi', 'Calificado con 5 de 5 en limpieza']",2023-08-15,2023-08-20,,$44 USD,noche,1000,2023-06-24,2023-05-01,239.9193548387097
22288226,Despertar en el lago,entire_home,"4,96 (71)",San Carlos de Bariloche,-41.1101,-71.21765,"['6 camas', '2 dormitorios', '1 baño', '1 cama doble', '4 camas de una plaza', 'más', 'Estacionamiento gratis', 'Wifi', 'Calificado con 5 de 5 en limpieza']",2023-08-11,2023-08-16,,$100 USD,noche,1000,2023-06-24,2023-05-01,239.9193548387097
5684334,Gardeners Delight Studio La Casita Barrio Chapelco,entire_home,"4,94 (109)",San Martín de los Andes,-40.13707,-71.28161,"['2 camas', '1 dormitorio', '1 baño', '2 camas dobles', 'Estacionamiento gratis', 'Wifi', 'Calificado con 5 de 5 en limpieza']",2023-07-01,2023-07-06,,$49 USD,noche,1000,2023-06-24,2023-05-01,239.9193548387097
31353160,Depto en el centro con terraza,entire_home,"4,52 (65)",San Carlos de Bariloche,-41.13287,-71.31399,"['1 cama', 'Monoambiente', '1 baño', '1 sofá cama', 'Estacionamiento gratis', 'Wifi', 'Calificado con 4,7 de 5 en limpieza']",2023-09-03,2023-09-08,,$57 USD,noche,1000,2023-06-24,2023-05-01,239.9193548387097
53572179,"Dpto céntrico, en complejo residencial con pileta.",entire_home,"5,0 (38)",San Martin de los Andes,-40.15273,-71.35213,"['1 cama', '1 dormitorio', '1 baño', 'Wifi', 'Calificado con 5 de 5 en limpieza']",2023-07-01,2023-07-06,,$68 USD,noche,1000,2023-06-24,2023-05-01,239.9193548387097
32469274,"Casa completa. El Halcón
4 dormitorios",entire_home,"4,86 (14)",Villa La Angostura,-40.77828,-71.61315,"['10 camas', '4 dormitorios', '3 baños', '3 camas queen', '6 camas de una plaza', 'Estacionamiento gratis', 'Wifi', 'Calificado con 4,7 de 5 en limpieza']",2023-07-29,2023-08-03,,$350 USD,noche,1000,2023-06-24,2023-05-01,239.9193548387097
23560987,Casa con vista panorámica al lago Nahuel Huapi,entire_home,"4,8 (25)",Villa La Angostura,-40.7511,-71.66623,"['5 camas', '3 dormitorios', '1 baño', '1 cama doble', '4 camas de una plaza', 'Estacionamiento gratis', 'Wifi', 'Calificado con 4,6 de 5 en limpieza']",2023-07-06,2023-07-11,,$244 USD,noche,1000,2023-06-24,2023-05-01,239.9193548387097
676023528411490419,Acogedora cabaña en el bosque y junto a lakeroad principal,entire_home,"5,0 (6)",San Carlos de Bariloche,-41.07614769756926,-71.46389488130808,"['2 camas', '1 dormitorio', '1 baño', 'Estacionamiento gratis', 'Wifi', 'Calificado con 5 de 5 en limpieza']",2023-08-02,2023-08-07,,$52 USD,noche,1000,2023-06-24,2023-05-01,239.9193548387097
32892810,"Cabaña para dos, calidez y confort. Alma Radal B",entire_home,"4,73 (48)",Villa La Angostura,-40.74827,-71.65792,"['1 cama', '1 dormitorio', '1 baño', '1 cama doble', 'Estacionamiento gratis', 'Wifi', 'Calificado con 4,9 de 5 en limpieza']",2023-07-01,2023-07-06,,$40 USD,noche,1000,2023-06-24,2023-05-01,239.9193548387097
25675737,Departamento completo en el centro de Bariloche,entire_home,"4,93 (153)",San Carlos de Bariloche,-41.13403,-71.30815,"['2 camas', '1 dormitorio', '1 baño', '1 cama doble', '1 cama de una plaza', 'Wifi', 'Calificado con 4,9 de 5 en limpieza']",2023-10-04,2023-10-11,,$32 USD,noche,1000,2023-06-24,2023-05-01,239.9193548387097
788261489321291235,Apacible y tranquila cabaña entre árboles,entire_home,,San Martin de los Andes,-40.1533,-71.32123,"['3 camas', '2 dormitorios', '1 ,5 baños', '1 cama queen', '1 cucheta', 'Estacionamiento gratis', 'Wifi']",2023-07-01,2023-07-08,$64 USD,$72 USD,noche,1000,2023-06-24,2023-05-01,239.9193548387097
44477795,Casa de campo patagónica junto al lago  (costa privada),entire_home,"5,0 (28)",San Carlos de Bariloche,-41.06955,-71.48064,"['2 camas', '2 dormitorios', '1 baño', '1 cama queen', '1 cama de una plaza', 'Estacionamiento gratis', 'Wifi', 'Calificado con 5 de 5 en limpieza']",2023-08-10,2023-08-15,,$78 USD,noche,1000,2023-06-24,2023-05-01,239.9193548387097
35305521,Amplio Dto 1 planta 2 dormitorios cochera asador,entire_home,"5,0 (9)",Dina Huapi,-41.07924702411975,-71.17134667932987,"['3 camas', '2 dormitorios', '1 baño', 'Estacionamiento gratis', 'Wifi', 'Calificado con 5 de 5 en limpieza']",2023-08-09,2023-08-14,$48 USD,$60 USD,noche,1000,2023-06-24,2023-05-01,239.9193548387097
30035722,Casa de montaña c/ vista al lago - Arrayanes,entire_home,"4,94 (35)",San Carlos de Bariloche,-41.07604,-71.46468,"['4 camas', '2 dormitorios', '1 baño', '1 cama queen', '3 camas de una plaza', 'Estacionamiento gratis', 'Wifi', 'Calificado con 4,9 de 5 en limpieza']",2023-09-09,2023-09-14,,$79 USD,noche,1000,2023-06-24,2023-05-01,239.9193548387097
10013602,El Descanso B&B-Cuarto del Bosque.,private_room,"4,8 (74)",Villa la Angostura,-40.76186,-71.62816,"['1 baño privado', '1 cama queen', 'Estacionamiento gratis', 'Wifi', 'Calificado con 4,9 de 5 en limpieza']",2023-07-01,2023-07-06,,$45 USD,noche,1000,2023-06-24,2023-05-01,239.9193548387097
16454477,"Casa Pequeña, Gran Experiencia 📸Casa Pequeña Bariloche",entire_home,"4,96 (98)",San Carlos de Bariloche,-41.10578,-71.4384,"['2 camas', '2 dormitorios', '1 baño', '1 cama doble', '1 cama de una plaza', 'Estacionamiento gratis', 'Wifi', 'Calificado con 4,9 de 5 en limpieza']",2023-07-05,2023-07-10,$65 USD,$85 USD,noche,1000,2023-06-24,2023-05-01,239.9193548387097
9977933,Las Viñas del Piltri,entire_home,"5,0 (13)",El Bolsón,-41.98949,-71.51415,"['3 camas', '1 dormitorio', '1 baño', '1 cama queen', '1 cama de una plaza', 'más', 'Estacionamiento gratis', 'Wifi', 'Calificado con 5 de 5 en limpieza']",2023-07-01,2023-07-06,,$80 USD,noche,1000,2023-06-24,2023-05-01,239.9193548387097
681270981709114265,Vista y tranquilidad inigualable,entire_home,"4,57 (7)",Las Grutas,-40.79454,-65.06028,"['4 camas', '2 dormitorios', '2 baños', 'Estacionamiento gratis', 'Wifi', 'Calificado con 4,7 de 5 en limpieza']",2023-07-01,2023-07-06,,$100 USD,noche,1000,2023-06-24,2023-05-01,239.9193548387097
39355239,"Aiksh Estudio H/ 3 Pax, parrilla y estacionamiento",entire_home,"4,98 (46)",San Carlos de Bariloche,-41.12808,-71.35061,"['3 camas', '1 dormitorio', '1 baño', '3 camas de una plaza', 'Estacionamiento gratis', 'Wifi', 'Calificado con 5 de 5 en limpieza']",2023-07-01,2023-07-08,$77 USD,$85 USD,noche,1000,2023-06-24,2023-05-01,239.9193548387097
40349728,"La Pirucha, en Av Bustillo a 2 cuadras de la playa",entire_home,"4,72 (39)",San Carlos de Bariloche,-41.10467,-71.44132,"['3 camas', '2 dormitorios', '1 ,5 baños', '1 cama doble', '2 camas de una plaza', 'Estacionamiento gratis', 'Wifi', 'Calificado con 4,7 de 5 en limpieza']",2023-09-24,2023-09-29,,$47 USD,noche,1000,2023-06-24,2023-05-01,239.9193548387097
755767521027906453,Casas Calafate VLA,entire_home,"4,9 (10)",Villa La Angostura,-40.7673538,-71.64421999999999,"['4 camas', '2 dormitorios', '1 baño', 'Estacionamiento gratis', 'Wifi', 'Calificado con 4,8 de 5 en limpieza']",2023-07-01,2023-07-06,,$89 USD,noche,1000,2023-06-24,2023-05-01,239.9193548387097
787856936376764249,Casa Nómada Rodante - Mutisia,private_room,,San Martin de los Andes,-40.132023752423834,-71.29415933042765,"['1 cama', '1 dormitorio', '2 baños compartidos', 'Wifi']",2023-07-01,2023-07-06,,$36 USD,noche,1000,2023-06-24,2023-05-01,239.9193548387097
31512214,Hermosa Cabaña en Villa Traful,entire_home,"4,89 (19)",Villa Traful,-40.64969,-71.41725,"['1 cama', '1 dormitorio', '1 baño', '1 cama doble', 'Estacionamiento gratis', 'Wifi', 'Calificado con 4,8 de 5 en limpieza']",2023-07-01,2023-07-06,,$65 USD,noche,1000,2023-06-24,2023-05-01,239.9193548387097
818155703062839211,La Constancia Bariloche,entire_home,"5,0 (4)",San Carlos de Bariloche,-41.11172982505431,-71.21489277289118,"['1 cama', '1 dormitorio', '1 baño', 'Estacionamiento gratis', 'Wifi', 'Calificado con 5 de 5 en limpieza']",2023-07-01,2023-07-06,,$62 USD,noche,1000,2023-06-24,2023-05-01,239.9193548387097
49042294,La casa de Adrian,entire_home,"4,59 (22)",San Carlos de Bariloche,-41.12591,-71.3697,"['5 camas', '2 dormitorios', '1 baño', '1 cama doble', '4 camas de una plaza', 'Estacionamiento gratis', 'Wifi', 'Calificado con 4,8 de 5 en limpieza']",2023-07-25,2023-07-30,,$120 USD,noche,1000,2023-06-24,2023-05-01,239.9193548387097
724528418971398859,Refugio de magos para descansar del mundo.,entire_home,"4,91 (11)",Junín de los Andes,-39.81890497252018,-71.17934705139712,"['3 camas', '1 dormitorio', '1 baño', '1 cama doble', '2 camas de una plaza', 'Estacionamiento gratis', 'Calificado con 4,8 de 5 en limpieza']",2023-07-01,2023-07-06,,$52 USD,noche,1000,2023-06-24,2023-05-01,239.9193548387097
632672304835494260,"Vista al jardín, wifi por fibra, estacionamiento",entire_home,"4,98 (41)",San Carlos de Bariloche,-41.1254,-71.35297,"['1 cama', 'Monoambiente', '1 baño', 'Estacionamiento gratis', 'Wifi', 'Calificado con 5 de 5 en limpieza']",2023-07-18,2023-07-23,,$84 USD,noche,1000,2023-06-24,2023-05-01,239.9193548387097
665060827781865751,Cabaña de ensueño con hermosas vistas,entire_home,"5,0 (4)",San Martin de los Andes,-40.11806,-71.27685,"['3 camas', '2 dormitorios', '1 ,5 baños', '1 cama doble', '2 camas de una plaza', 'Estacionamiento gratis', 'Wifi', 'Calificado con 5 de 5 en limpieza']",2023-07-01,2023-07-06,,$40 USD,noche,1000,2023-06-24,2023-05-01,239.9193548387097
889382807675939102,Acogedor departamento de 2 amb,entire_home,Nuevo,San Carlos de Bariloche,-41.12231,-71.36953,"['1 cama', '1 dormitorio', '1 baño', 'Estacionamiento gratis', 'Wifi']",2023-07-05,2023-07-10,,$62 USD,noche,1000,2023-06-24,2023-05-01,239.9193548387097
53764784,"CasaLoma, cabaña de montaña, Bariloche",entire_home,"5,0 (9)",San Carlos de Bariloche,-41.10891,-71.44826,"['5 camas', '2 dormitorios', '1 baño', '1 cama doble', '4 camas de una plaza', 'Estacionamiento gratis', 'Wifi', 'Calificado con 5 de 5 en limpieza']",2023-07-01,2023-07-06,$98 USD,$150 USD,noche,1000,2023-06-24,2023-05-01,239.9193548387097
27130827,MIRADOR I Hermoso Studio Centro de Bariloche,entire_home,"4,7 (84)",San Carlos de Bariloche,-41.1344,-71.31713,"['2 camas', 'Monoambiente', '1 baño', '1 cama queen', '1 sofá cama', 'Wifi', 'Calificado con 4,8 de 5 en limpieza']",2023-07-01,2023-07-06,,$90 USD,noche,1000,2023-06-24,2023-05-01,239.9193548387097
6993568,Cabaña Bosque Bahía Protegida Costa Lago,entire_home,"4,84 (67)",San Carlos de Bariloche,-41.09715,-71.4465,"['7 camas', '3 dormitorios', '3 baños', '1 cama queen', '6 camas de una plaza', 'Estacionamiento gratis', 'Wifi', 'Calificado con 4,8 de 5 en limpieza']",2023-07-01,2023-07-06,,$350 USD,noche,1000,2023-06-24,2023-05-01,239.9193548387097
4469246,Habitación en Casita de madera y adobe. c/desayuno,private_room,"4,68 (114)",San Carlos de Bariloche,-41.07316,-71.48869,"['1 cama', '1 dormitorio', '1 baño compartido', '1 cama doble', 'Wifi']",2023-07-09,2023-07-14,,$40 USD,noche,1000,2023-06-24,2023-05-01,239.9193548387097
42899197,Cuarto cálido en casa entre 3 lagos con jardín,private_room,"4,96 (55)",San Carlos de Bariloche,-41.11635,-71.43553,"['1 cama', '1 dormitorio', '1 baño compartido', '1 cama doble', 'Calificado con 5 de 5 en limpieza']",2023-07-26,2023-07-31,,$22 USD,noche,1000,2023-06-24,2023-05-01,239.9193548387097
788585063900591613,Cabaña en la montaña: El Bosque,entire_home,"5,0 (3)",San Martin de los Andes,-40.14233,-71.27529,"['1 cama', '1 dormitorio', '1 baño', 'Estacionamiento gratis', 'Wifi', 'Calificado con 5 de 5 en limpieza']",2023-07-01,2023-07-06,$45 USD,$56 USD,noche,1000,2023-06-24,2023-05-01,239.9193548387097
800041160997364459,Vista al Lago en el Bosque - Hab Compartida,shared_room,"5,0 (8)",San Carlos de Bariloche,-41.1333,-71.36914,"['1 cama', '1 dormitorio', '1 baño compartido', 'Wifi', 'Calificado con 5 de 5 en limpieza']",2023-07-05,2023-07-10,,$23 USD,noche,1000,2023-06-24,2023-05-01,239.9193548387097
34903455,El Halcón . Casa principal y huéspedes.,entire_home,"4,8 (10)",Los Lagos Department,-40.78164,-71.65902,"['13 camas', '6 dormitorios', '4 baños', '3 camas queen', '1 cama doble', 'más', 'Estacionamiento gratis', 'Wifi', 'Calificado con 4,8 de 5 en limpieza']",2023-07-29,2023-08-03,,$450 USD,noche,1000,2023-06-24,2023-05-01,239.9193548387097
12292962,Depto Vista al Lago & Isla Victoria en Llao Llao,entire_home,"4,98 (44)",San Carlos de Bariloche,-41.04329,-71.51772,"['1 cama', '1 dormitorio', '1 baño', '1 cama doble', '1 sofá cama', 'Estacionamiento gratis', 'Wifi', 'Calificado con 4,7 de 5 en limpieza']",2023-07-23,2023-07-30,,$77 USD,noche,1000,2023-06-24,2023-05-01,239.9193548387097
42829563,"Pura Esencia, Balcón panorámico al Lago (V)",entire_home,"5,0 (18)",San Carlos de Bariloche,-41.06094,-71.47176,"['2 camas', '1 dormitorio', '1 baño', '1 cama doble', '1 sofá cama', 'Estacionamiento gratis', 'Wifi', 'Calificado con 5 de 5 en limpieza']",2023-07-01,2023-07-06,$111 USD,$128 USD,noche,1000,2023-06-24,2023-05-01,239.9193548387097
597123081635727419,Habitacion Privada en Cabaña Compartida,private_room,"4,78 (18)",San Martin de los Andes,-40.13597,-71.29499,"['2,5 baños compartidos', '2 camas de una plaza', 'Estacionamiento gratis', 'Wifi', 'Calificado con 4,7 de 5 en limpieza']",2023-07-13,2023-07-19,,$20 USD,noche,1000,2023-06-24,2023-05-01,239.9193548387097
546469680880337860,Habitación baño privado/desayuno/montaña/bosque,private_room,"4,93 (40)",San Martin de los Andes,-40.12411,-71.31966,"['2 camas', 'Monoambiente', '1 baño compartido', 'Calificado con 5 de 5 en limpieza']",2023-07-01,2023-07-06,$48 USD,$60 USD,noche,1000,2023-06-24,2023-05-01,239.9193548387097
7647276,Asombrosa casa en Bariloche,entire_home,"4,97 (68)",San Carlos de Bariloche,-41.16795,-71.38608,"['6 camas', '5 dormitorios', '4,5 baños', '2 camas king', '1 cama doble', 'más', 'Estacionamiento gratis', 'Wifi', 'Calificado con 4,8 de 5 en limpieza']",2023-08-28,2023-09-02,,$350 USD,noche,1000,2023-06-24,2023-05-01,239.9193548387097
22978524,Studio Buda. Bonito luminoso y acogedor. H028910,entire_home,"4,92 (61)",San Carlos de Bariloche,-41.13826,-71.32554,"['1 cama', '1 dormitorio', '1 baño', '1 cama doble', 'Estacionamiento gratis', 'Wifi', 'Calificado con 5 de 5 en limpieza']",2023-07-01,2023-07-06,,$80 USD,noche,1000,2023-06-24,2023-05-01,239.9193548387097
51765448,Casa de huéspedes costa de lago,entire_home,"5,0 (9)",Villa Llao Llao,-41.06277,-71.52978,"['3 camas', '2 dormitorios', '2 baños', '1 cama queen', '2 camas de una plaza', 'Estacionamiento gratis', 'Wifi', 'Calificado con 5 de 5 en limpieza']",2023-07-01,2023-07-06,,$250 USD,noche,1000,2023-06-24,2023-05-01,239.9193548387097
22985648,Casa de montaña c/ vista al lago  - Radales,entire_home,"4,95 (60)",San Carlos de Bariloche,-41.07579,-71.46444,"['3 camas', '2 dormitorios', '1 baño', '1 cama queen', '2 camas de una plaza', 'Estacionamiento gratis', 'Wifi', 'Calificado con 4,9 de 5 en limpieza']",2023-08-20,2023-08-25,,$109 USD,noche,1000,2023-06-24,2023-05-01,239.9193548387097
6587977,Cabaña rústica y luminosa con vista panorámica,entire_home,"4,92 (79)",San Carlos de Bariloche,-41.14928,-71.32177,"['3 camas', '2 dormitorios', '1 baño', '1 cama doble', '2 camas de una plaza', 'Estacionamiento gratis', 'Wifi', 'Calificado con 4,9 de 5 en limpieza']",2023-08-29,2023-09-04,,$100 USD,noche,1000,2023-06-24,2023-05-01,239.9193548387097
51385643,Duplex con estacionamiento y jardin,entire_home,"4,89 (35)",San Carlos de Bariloche,-41.14863,-71.31855,"['1 cama', '1 dormitorio', '1 baño', '1 cama doble', 'Estacionamiento gratis', 'Wifi', 'Calificado con 4,8 de 5 en limpieza']",2023-07-01,2023-07-06,,$57 USD,noche,1000,2023-06-24,2023-05-01,239.9193548387097
27401007,Habitación privada Vista Bonita,private_room,"4,99 (86)",San Carlos de Bariloche,-41.12264,-71.39437,"['2 camas', 'Monoambiente', '1 baño privado', '2 camas de una plaza', 'Calificado con 5 de 5 en limpieza']",2023-08-22,2023-08-27,,$38 USD,noche,1000,2023-06-24,2023-05-01,239.9193548387097
41077855,Los alerces...un lugar . Departamento turístico.,entire_home,"4,96 (69)",San Carlos de Bariloche,-41.13203,-71.34611,"['2 camas', 'Monoambiente', '1 baño', '1 cama de una plaza', 'Estacionamiento gratis', 'Wifi', 'Calificado con 5 de 5 en limpieza']",2023-08-13,2023-08-18,,$35 USD,noche,1000,2023-06-24,2023-05-01,239.9193548387097
41113445,Departamento con increíble vista al lago N Huapi.,entire_home,"4,92 (50)",San Carlos de Bariloche,-41.13654,-71.30236,"['2 camas', '1 dormitorio', '1 ,5 baños', '1 cama doble', '1 cama de una plaza', 'Wifi', 'Calificado con 4,9 de 5 en limpieza']",2023-07-01,2023-07-06,,$59 USD,noche,1000,2023-06-24,2023-05-01,239.9193548387097
27133670,Departamento sobre el Lago!,entire_home,"4,9 (42)",San Carlos de Bariloche,-41.13075,-71.28966,"['1 cama', '1 dormitorio', '1 baño', '1 cama doble', 'Wifi', 'Calificado con 4,9 de 5 en limpieza']",2023-07-01,2023-07-06,,$93 USD,noche,1000,2023-06-24,2023-05-01,239.9193548387097
